jd_url,value,full_time,part_time,missing_contract_type,town_city
/job-search/corporate-careers/london/construction-design-manager/5291-en-gb,1,0,0,0,London
/job-search/corporate-careers/london/operations-finance-business-partner/4635-en-gb,1,0,0,0,London
/job-search/corporate-careers/london/manager-project-management/5003-en-us,1,0,0,0,London
/job-search/corporate-careers/london/support-equipmentfte-9-months/5058-en-gb,1,0,0,0,London
/job-search/corporate-careers/london/specialist-accounting-operations/3996-en-gb,1,0,0,0,London
/job-search/corporate-careers/london/manager-recognition-12-month-ftc/5180-en-gb,1,0,0,0,London
/job-search/corporate-careers/london/specialist-construction/5083-en-gb,1,0,0,0,London
/job-search/corporate-careers/london/lease-and-service-charge-administrator-or-support-development/4042-en-gb,1,0,0,0,London
/job-search/corporate-careers/london/consultant-test-management/5161-en-gb,1,0,0,0,London
/job-search/corporate-careers/london/support-payroll/3713-en-gb,1,0,0,0,London
/job-search/corporate-careers/birmingham/specialist-construction/5000-en-gb,1,0,0,0,Birmingham
"/job-search/restaurant-518@50.9549823,-1.5356554/southampton/work-experience/pdx-mc-7cf126c8-d9f6-47c0-b5b2-1d3f6221444d-76289",1,0,0,1,Southampton
"/job-search/restaurant-353@53.485396,-2.2768767/greater-manchester/salford-area-overnight-shifts-crew-member/pdx-mc-22febf7a-4804-47b7-98e3-14ba994e3af9-77953",1,0,1,0,Greater Manchester
"/job-search/restaurant-2649@51.5322108,-3.5777188/bridgend/crew-member/pdx-mc-4695ce1a-d2d5-40a6-9040-949c4d5925fa-106325",1,1,0,0,Bridgend
"/job-search/restaurant-2649@51.5322108,-3.5777188/bridgend/customer-care/pdx-mc-bcb37278-a77b-4eda-b952-443eedb1ecbd-106325",1,1,0,0,Bridgend
"/job-search/restaurant-1693@51.6521879,-3.9899779/swansea/crew-member-fforestfach-full-time-only/pdx-mc-09afb8d0-c6b1-4e7d-bdb5-2b4e165ff02d-106323",1,1,0,0,Swansea
"/job-search/restaurant-792@54.628623,-1.3068543/county-durham/crew-member/pdx-mc-d100d4b3-c24d-4c32-a5b9-3ade780796ae-76342",1,1,0,0,County Durham
"/job-search/restaurant-421@51.7543774,0.5172817/essex/crew-member/pdx-mc-d100d4b3-c24d-4c32-a5b9-3ade780796ae-76347",1,1,0,0,Essex
"/job-search/restaurant-1473@55.398768,-1.6927656/northumberland/crew-member/pdx-mc-d100d4b3-c24d-4c32-a5b9-3ade780796ae-77762",1,1,0,0,Northumberland
"/job-search/restaurant-1598@51.5148108,0.0086673/london/crew-member/pdx-mc-d100d4b3-c24d-4c32-a5b9-3ade780796ae-77781",1,1,0,0,London
"/job-search/restaurant-631@51.792686,-4.075279/carmarthenshire/crew-member/pdx-mc-d100d4b3-c24d-4c32-a5b9-3ade780796ae-77790",1,0,1,0,Carmarthenshire
"/job-search/restaurant-1218@54.8816862,-1.4226138/tyne-wear/crew-member/pdx-mc-d100d4b3-c24d-4c32-a5b9-3ade780796ae-77798",1,1,0,0,Tyne & Wear
"/job-search/restaurant-870@52.5007239,-2.1511772/west-midlands/crew-member/pdx-mc-d100d4b3-c24d-4c32-a5b9-3ade780796ae-78159",1,1,0,0,West Midlands
"/job-search/restaurant-2393@54.8816862,-1.4226138/sunderland/crew-member/pdx-mc-d100d4b3-c24d-4c32-a5b9-3ade780796ae-82877",1,0,1,0,Sunderland
"/job-search/restaurant-2000@51.283862,-1.059645/basingstoke/crew-member/pdx-mc-d100d4b3-c24d-4c32-a5b9-3ade780796ae-90114",1,1,0,0,Basingstoke
"/job-search/restaurant-932@54.9645405,-1.7105347/tyne-wear/crew-member/pdx-mc-d100d4b3-c24d-4c32-a5b9-3ade780796ae-98006",1,0,1,0,Tyne & Wear
"/job-search/restaurant-1240@51.361764,-2.909162/somerset/crew-member/pdx-mc-d100d4b3-c24d-4c32-a5b9-3ade780796ae-120878",1,1,0,0,Somerset
"/job-search/restaurant-421@51.7543774,0.5172817/essex/overnight-crew-member/pdx-mc-e743c7d3-3a68-4492-9065-6c5d0efdf105-76347",1,1,0,0,Essex
"/job-search/restaurant-2000@51.283862,-1.059645/basingstoke/overnight-crew-member/pdx-mc-e743c7d3-3a68-4492-9065-6c5d0efdf105-90114",1,1,0,0,Basingstoke
"/job-search/restaurant-1240@51.361764,-2.909162/somerset/overnight-crew-member/pdx-mc-e743c7d3-3a68-4492-9065-6c5d0efdf105-120878",1,1,0,0,Somerset
"/job-search/restaurant-970@53.5444439,-1.4373752/south-yorkshire/maintenance-person/pdx-mc-fc051aa5-3731-4d68-bfee-e7fbabecba5d-77878",1,1,0,0,South Yorkshire
"/job-search/restaurant-792@54.628623,-1.3068543/county-durham/customer-care/pdx-mc-6b130cd5-4867-4a97-8478-4952418d5ea6-76342",1,1,0,0,County Durham
"/job-search/restaurant-421@51.7543774,0.5172817/essex/customer-care/pdx-mc-6b130cd5-4867-4a97-8478-4952418d5ea6-76347",1,1,0,0,Essex
"/job-search/restaurant-1218@54.8816862,-1.4226138/tyne-wear/customer-care/pdx-mc-6b130cd5-4867-4a97-8478-4952418d5ea6-77798",1,1,0,0,Tyne & Wear
"/job-search/restaurant-1257@50.7963648,-1.0686602/hampshire/customer-care/pdx-mc-6b130cd5-4867-4a97-8478-4952418d5ea6-81397",1,1,0,0,Hampshire
"/job-search/restaurant-2000@51.283862,-1.059645/basingstoke/customer-care/pdx-mc-6b130cd5-4867-4a97-8478-4952418d5ea6-90114",1,1,0,0,Basingstoke
"/job-search/restaurant-1380@50.8291843,0.2374403/east-sussex/customer-care/pdx-mc-6b130cd5-4867-4a97-8478-4952418d5ea6-109088",1,1,0,0,East Sussex
"/job-search/restaurant-792@54.628623,-1.3068543/county-durham/customer-experience-leader/pdx-mc-ac00e684-4293-45bf-b7c5-fafa657ff3ed-76342",1,1,0,0,County Durham
"/job-search/restaurant-464@53.5597164,-1.4732606/south-yorkshire/crew-member/pdx-mc-acf81b61-acf7-4bde-8adc-f563ac843209-77768",1,1,0,0,South Yorkshire
"/job-search/restaurant-984@51.4493489,-2.4994046/avon/crew-member/pdx-mc-acf81b61-acf7-4bde-8adc-f563ac843209-77775",1,1,0,0,Avon
"/job-search/restaurant-1218@54.8816862,-1.4226138/tyne-wear/crew-member/pdx-mc-acf81b61-acf7-4bde-8adc-f563ac843209-77798",1,1,0,0,Tyne & Wear
"/job-search/restaurant-744@51.5330922,-3.3762071/glamorgan/crew-member/pdx-mc-acf81b61-acf7-4bde-8adc-f563ac843209-77825",1,1,0,0,Glamorgan
"/job-search/restaurant-1437@53.5467058,-2.622862/greater-manchester/crew-member/pdx-mc-acf81b61-acf7-4bde-8adc-f563ac843209-77913",1,1,0,0,Greater Manchester
"/job-search/restaurant-932@54.9645405,-1.7105347/tyne-wear/crew-member/pdx-mc-acf81b61-acf7-4bde-8adc-f563ac843209-98006",1,1,0,0,Tyne & Wear
"/job-search/restaurant-1380@50.8291843,0.2374403/east-sussex/crew-member/pdx-mc-acf81b61-acf7-4bde-8adc-f563ac843209-109088",1,1,0,0,East Sussex
"/job-search/restaurant-932@54.9645405,-1.7105347/tyne-wear/customer-care/pdx-mc-8045e2e3-6c6c-4321-9dff-967b72de1178-98006",1,1,0,0,Tyne & Wear
"/job-search/restaurant-1347@51.4841515,-2.7660122/avon/customer-care/pdx-mc-8045e2e3-6c6c-4321-9dff-967b72de1178-120876",1,1,0,0,Avon
"/job-search/restaurant-788@55.8641307,-3.9764525/lanarkshire/overnight-crew-member/pdx-mc-3e9100e3-26f1-4b75-9c9b-f9b4910cfa78-77761",1,1,0,0,Lanarkshire
"/job-search/restaurant-464@53.5597164,-1.4732606/south-yorkshire/overnight-crew-member/pdx-mc-3e9100e3-26f1-4b75-9c9b-f9b4910cfa78-77768",1,1,0,0,South Yorkshire
"/job-search/restaurant-459@51.5181485,0.0141393/london/overnight-crew-member/pdx-mc-3e9100e3-26f1-4b75-9c9b-f9b4910cfa78-77782",1,1,0,0,London
"/job-search/restaurant-744@51.5330922,-3.3762071/glamorgan/overnight-crew-member/pdx-mc-3e9100e3-26f1-4b75-9c9b-f9b4910cfa78-77825",1,1,0,0,Glamorgan
"/job-search/restaurant-1527@53.8249135,-0.4448254/east-riding-of-yorkshire/crew-member/pdx-mc-e3a8930d-8e55-4935-99c0-5a20eb0d096c-76340",1,1,0,0,East Riding Of Yorkshire
"/job-search/restaurant-237@54.2817692,-0.4008097/north-yorkshire/crew-member/pdx-mc-e3a8930d-8e55-4935-99c0-5a20eb0d096c-76941",1,1,0,0,North Yorkshire
"/job-search/restaurant-1085@54.2385776,-0.4133609/north-yorkshire/crew-member/pdx-mc-e3a8930d-8e55-4935-99c0-5a20eb0d096c-76942",1,0,1,0,North Yorkshire
"/job-search/restaurant-1527@53.8249135,-0.4448254/east-riding-of-yorkshire/crew-member/pdx-mc-04518f2c-c2a9-49b4-8cba-e40b59d1c626-76340",1,0,1,0,East Riding Of Yorkshire
"/job-search/restaurant-237@54.2817692,-0.4008097/north-yorkshire/crew-member/pdx-mc-04518f2c-c2a9-49b4-8cba-e40b59d1c626-76941",1,0,1,0,North Yorkshire
"/job-search/restaurant-1085@54.2385776,-0.4133609/north-yorkshire/crew-member/pdx-mc-04518f2c-c2a9-49b4-8cba-e40b59d1c626-76942",1,1,0,0,North Yorkshire
"/job-search/restaurant-614@54.5220661,-1.5233069/county-durham/crew-member-full-time/pdx-mc-6ca3a52e-bd1a-48e9-be01-9973b34e64ab-98296",1,1,0,0,County Durham
"/job-search/restaurant-774@54.5849162,-1.5634105/county-durham/people-manager/pdx-mc-0cea192e-8e1a-4def-9970-174419ee83e4-76341",1,1,0,0,County Durham
"/job-search/restaurant-1453@54.5391414,-1.5550792/county-durham/people-manager/pdx-mc-0cea192e-8e1a-4def-9970-174419ee83e4-77728",1,1,0,0,County Durham
"/job-search/restaurant-774@54.5849162,-1.5634105/county-durham/customer-care/pdx-mc-20aaf57a-14ad-4605-b683-d542a5c6e7d8-76341",1,1,0,0,County Durham
"/job-search/restaurant-614@54.5220661,-1.5233069/county-durham/work-experience/pdx-mc-b04e2a6a-77f9-48c1-a3fd-6a861ecf3649-98296",1,0,0,1,County Durham
"/job-search/restaurant-1419@53.4510784,-2.7398849/merseyside/full-time-crew-member-st-helens-chalon-way/pdx-mc-b40ec2fb-2050-4fbc-895f-d03684ca8c55-77719",1,1,0,0,Merseyside
"/job-search/restaurant-1445@53.4993636,-2.5279209/greater-manchester/maintenance-person/pdx-mc-b4265569-0fba-4448-9b3a-17cff08a1496-118523",1,1,0,0,Greater Manchester
"/job-search/restaurant-1140@51.859562,1.1068315/essex/maintenance-person/pdx-mc-8f2802c6-9f35-426f-b8d4-c67fd03a3590-77580",1,1,0,0,Essex
"/job-search/restaurant-1639@51.9888848,-0.9783769/buckingham/crew-member/pdx-mc-e60f606e-220a-47b1-a55f-38a378a4d2fa-76353",1,1,0,0,Buckingham
"/job-search/restaurant-1710@51.8206249,-0.7913713/buckinghamshire/crew-member/pdx-mc-e60f606e-220a-47b1-a55f-38a378a4d2fa-109702",1,1,0,0,Buckinghamshire
"/job-search/restaurant-296@51.824249,-0.8333796/buckingham/overnight-crew-member/pdx-mc-14e78bdf-852d-4367-8392-8132539814ad-76351",1,1,0,0,Buckingham
"/job-search/restaurant-877@51.1257497,-2.7539203/somerset/crew-member/pdx-mc-c59335c6-6538-4446-89b7-968143da1b2a-120880",1,1,0,0,Somerset
"/job-search/restaurant-877@51.1257497,-2.7539203/somerset/customer-care/pdx-mc-35352271-3a19-4848-9e38-465591a6cf53-120880",1,0,1,0,Somerset
"/job-search/restaurant-1801@50.7826621,-3.6420823/devon/work-experience/pdx-mc-cda44812-7ae0-4517-83c1-067dd5858757-105973",1,0,0,1,Devon
"/job-search/restaurant-329@51.5333866,-0.1084894/london/customer-care/pdx-mc-7744f7f9-b317-4575-abda-81edcf0c89bf-77060",1,1,0,0,London
"/job-search/restaurant-574@51.9151941,-2.0998853/gloucestershire/crew-member/pdx-mc-6c17b6bf-62d4-4a2c-b6b4-813bec14e3b4-77221",1,1,0,0,Gloucestershire
"/job-search/restaurant-139@51.8660107,-2.2467205/gloucestershire/maintenance-person/pdx-mc-6aef06cd-991f-4136-9928-f99d5b238f71-76796",1,1,0,0,Gloucestershire
"/job-search/restaurant-1247@51.8049654,-2.2897633/gloucestershire/crew-member/pdx-mc-1ce0a08d-a29e-4880-a900-1b2198913d5b-77224",1,1,0,0,Gloucestershire
"/job-search/restaurant-1241@51.6693434,-3.1936068/glamorgan/crew-member/pdx-mc-6fe11689-b50e-4867-858d-bd91b307a97f-77309",1,1,0,0,Glamorgan
"/job-search/restaurant-994@51.5136645,-3.4962416/bridgend/crew-member/pdx-mc-6fe11689-b50e-4867-858d-bd91b307a97f-77310",1,1,0,0,Bridgend
"/job-search/restaurant-1397@51.6625863,-3.1390606/newport/crew-member/pdx-mc-6fe11689-b50e-4867-858d-bd91b307a97f-77315",1,1,0,0,Newport
"/job-search/restaurant-994@51.5136645,-3.4962416/bridgend/customer-care/pdx-mc-564ee0ae-49f9-49c8-8f34-6a71571ea671-77310",1,1,0,0,Bridgend
"/job-search/restaurant-1241@51.6693434,-3.1936068/glamorgan/overnight-crew-member/pdx-mc-3cca6655-dfc8-4b76-89bd-55267f5fbf2e-77309",1,1,0,0,Glamorgan
"/job-search/restaurant-1241@51.6693434,-3.1936068/glamorgan/crew-member/pdx-mc-93306e5e-1f51-434e-acb3-0a362ee5abfc-77309",1,1,0,0,Glamorgan
"/job-search/restaurant-769@53.9690089,-2.6276908/lancashire/crew-member/pdx-mc-f6ab3ad5-70bf-43b9-8c28-101eaf719803-76825",1,1,0,0,Lancashire
"/job-search/restaurant-434@53.5037715,-2.1782158/greater-manchester/crew-member/pdx-mc-f6ab3ad5-70bf-43b9-8c28-101eaf719803-76826",1,0,1,0,Greater Manchester
"/job-search/restaurant-986@53.6153917,-2.1287157/lancashire/crew-member/pdx-mc-f6ab3ad5-70bf-43b9-8c28-101eaf719803-76828",1,1,0,0,Lancashire
"/job-search/restaurant-321@53.5490927,-2.1998829/greater-manchester/customer-care/pdx-mc-6bfce9f5-7d58-4c67-a221-ce03ea401602-76829",1,0,1,0,Greater Manchester
"/job-search/restaurant-769@53.9690089,-2.6276908/lancashire/maintenance-person/pdx-mc-4f288696-a3eb-4289-9c72-fc460294ea06-76825",1,1,0,0,Lancashire
"/job-search/restaurant-986@53.6153917,-2.1287157/lancashire/maintenance-person/pdx-mc-4f288696-a3eb-4289-9c72-fc460294ea06-76828",1,1,0,0,Lancashire
"/job-search/restaurant-769@53.9690089,-2.6276908/lancashire/overnight-crew-member/pdx-mc-854d4c81-8d8f-4185-9a78-d7201a8c72d6-76825",1,0,1,0,Lancashire
"/job-search/restaurant-769@53.9690089,-2.6276908/lancashire/crew-member/pdx-mc-a861e444-2048-486a-96de-f73c845bdc34-76825",1,0,1,0,Lancashire
"/job-search/restaurant-986@53.6153917,-2.1287157/lancashire/crew-member/pdx-mc-a861e444-2048-486a-96de-f73c845bdc34-76828",1,0,1,0,Lancashire
"/job-search/restaurant-1135@51.5888307,0.220528/essex/crew-member/pdx-mc-530759f5-22c0-4123-98bd-b7a98593e027-76837",1,1,0,0,Essex
"/job-search/restaurant-1135@51.5888307,0.220528/essex/customer-care/pdx-mc-1c5677d1-6799-451e-8080-4918883a49da-76837",1,0,1,0,Essex
"/job-search/restaurant-381@51.5794515,0.1856615/essex/customer-care/pdx-mc-1c5677d1-6799-451e-8080-4918883a49da-76840",1,0,1,0,Essex
"/job-search/restaurant-1154@53.2793824,-3.2837201/flintshire/crew-member/pdx-mc-a35eef54-533b-4e97-b45e-cbf0d726f1cb-76849",1,0,1,0,Flintshire
"/job-search/restaurant-1154@53.2793824,-3.2837201/flintshire/customer-care/pdx-mc-db3823b7-f218-4b10-ae0f-b9f1d3c6ae59-76849",1,1,0,0,Flintshire
"/job-search/restaurant-1154@53.2793824,-3.2837201/flintshire/overnight-crew-member/pdx-mc-632364f4-55ab-4f6f-a7b4-3562de0342af-76849",1,0,1,0,Flintshire
"/job-search/restaurant-1672@54.2310812,-1.3283943/north-yorkshire/customer-care-thirsk/pdx-mc-faa76c98-0f8f-456b-9774-c5f4a4b9bb61-78160",1,0,1,0,North Yorkshire
"/job-search/restaurant-1868@54.3377838,-1.4310027/northallerton/crew-member/pdx-mc-7e2ca4ad-9974-4224-a349-1eaa3ccdc6d2-82128",1,1,0,0,Northallerton
"/job-search/restaurant-1131@54.2985743,-1.5658434/north-yorkshire/maintenance-person/pdx-mc-95140d04-afb7-4be9-ace4-546186f05bc4-89289",1,1,0,0,North Yorkshire
"/job-search/restaurant-1868@54.3377838,-1.4310027/northallerton/crew-member/pdx-mc-870610e3-65c9-4736-abb2-905b061a3239-82128",1,0,1,0,Northallerton
"/job-search/restaurant-107@53.78942,-2.2410949/lancashire/crew-member/pdx-mc-743a7c92-a661-41b8-9919-3eb4e83c1ce3-76867",1,1,0,0,Lancashire
"/job-search/restaurant-1529@53.7951936,-2.248367/lancashire/crew-member/pdx-mc-743a7c92-a661-41b8-9919-3eb4e83c1ce3-76868",1,1,0,0,Lancashire
"/job-search/restaurant-1126@53.7868834,-2.2502609/lancashire/crew-member/pdx-mc-743a7c92-a661-41b8-9919-3eb4e83c1ce3-76869",1,1,0,0,Lancashire
"/job-search/restaurant-1237@53.8396616,-2.3945597/lancashire/crew-member/pdx-mc-743a7c92-a661-41b8-9919-3eb4e83c1ce3-76870",1,1,0,0,Lancashire
"/job-search/restaurant-1157@53.8595073,-2.1694318/lancashire/crew-member/pdx-mc-743a7c92-a661-41b8-9919-3eb4e83c1ce3-76871",1,1,0,0,Lancashire
"/job-search/restaurant-1684@53.8358495,-2.2128887/lancashire/crew-member/pdx-mc-743a7c92-a661-41b8-9919-3eb4e83c1ce3-79878",1,1,0,0,Lancashire
"/job-search/restaurant-1093@54.6624761,-2.7580739/cumbria/crew-member/pdx-mc-743a7c92-a661-41b8-9919-3eb4e83c1ce3-81057",1,1,0,0,Cumbria
"/job-search/restaurant-217@54.3294444,-2.7469444/cumbria/crew-member/pdx-mc-743a7c92-a661-41b8-9919-3eb4e83c1ce3-81062",1,0,1,0,Cumbria
"/job-search/restaurant-696@54.6423063,-3.5643286/cumbria/crew-member/pdx-mc-743a7c92-a661-41b8-9919-3eb4e83c1ce3-81065",1,1,0,0,Cumbria
"/job-search/restaurant-107@53.78942,-2.2410949/lancashire/customer-care/pdx-mc-e974346e-ddfa-4021-a2bb-3386b8d4276d-76867",1,0,1,0,Lancashire
"/job-search/restaurant-1529@53.7951936,-2.248367/lancashire/customer-care/pdx-mc-e974346e-ddfa-4021-a2bb-3386b8d4276d-76868",1,1,0,0,Lancashire
"/job-search/restaurant-1126@53.7868834,-2.2502609/lancashire/customer-care/pdx-mc-e974346e-ddfa-4021-a2bb-3386b8d4276d-76869",1,1,0,0,Lancashire
"/job-search/restaurant-1237@53.8396616,-2.3945597/lancashire/customer-care/pdx-mc-e974346e-ddfa-4021-a2bb-3386b8d4276d-76870",1,1,0,0,Lancashire
"/job-search/restaurant-1157@53.8595073,-2.1694318/lancashire/customer-care/pdx-mc-e974346e-ddfa-4021-a2bb-3386b8d4276d-76871",1,1,0,0,Lancashire
"/job-search/restaurant-217@54.3294444,-2.7469444/cumbria/customer-care/pdx-mc-e974346e-ddfa-4021-a2bb-3386b8d4276d-81062",1,1,0,0,Cumbria
"/job-search/restaurant-696@54.6423063,-3.5643286/cumbria/customer-care/pdx-mc-e974346e-ddfa-4021-a2bb-3386b8d4276d-81065",1,1,0,0,Cumbria
"/job-search/restaurant-107@53.78942,-2.2410949/lancashire/crew-member/pdx-mc-a5679e63-e579-49a4-93ef-5f69318b2f92-76867",1,0,1,0,Lancashire
"/job-search/restaurant-1126@53.7868834,-2.2502609/lancashire/crew-member/pdx-mc-a5679e63-e579-49a4-93ef-5f69318b2f92-76869",1,0,1,0,Lancashire
"/job-search/restaurant-1237@53.8396616,-2.3945597/lancashire/crew-member/pdx-mc-a5679e63-e579-49a4-93ef-5f69318b2f92-76870",1,0,1,0,Lancashire
"/job-search/restaurant-1157@53.8595073,-2.1694318/lancashire/crew-member/pdx-mc-a5679e63-e579-49a4-93ef-5f69318b2f92-76871",1,0,1,0,Lancashire
"/job-search/restaurant-1093@54.6624761,-2.7580739/cumbria/crew-member/pdx-mc-a5679e63-e579-49a4-93ef-5f69318b2f92-81057",1,0,1,0,Cumbria
"/job-search/restaurant-217@54.3294444,-2.7469444/cumbria/crew-member/pdx-mc-a5679e63-e579-49a4-93ef-5f69318b2f92-81062",1,1,0,0,Cumbria
"/job-search/restaurant-696@54.6423063,-3.5643286/cumbria/crew-member/pdx-mc-a5679e63-e579-49a4-93ef-5f69318b2f92-81065",1,0,1,0,Cumbria
"/job-search/restaurant-998@54.5443286,-3.5846235/cumbria/crew-member/pdx-mc-a5679e63-e579-49a4-93ef-5f69318b2f92-81067",1,1,0,0,Cumbria
"/job-search/restaurant-107@53.78942,-2.2410949/lancashire/customer-care/pdx-mc-bc374422-8838-4bc3-9658-483f299fa9f5-76867",1,1,0,0,Lancashire
"/job-search/restaurant-1093@54.6624761,-2.7580739/cumbria/customer-care/pdx-mc-bc374422-8838-4bc3-9658-483f299fa9f5-81057",1,1,0,0,Cumbria
"/job-search/restaurant-217@54.3294444,-2.7469444/cumbria/customer-care/pdx-mc-bc374422-8838-4bc3-9658-483f299fa9f5-81062",1,0,1,0,Cumbria
"/job-search/restaurant-696@54.6423063,-3.5643286/cumbria/customer-care/pdx-mc-bc374422-8838-4bc3-9658-483f299fa9f5-81065",1,0,1,0,Cumbria
"/job-search/restaurant-217@54.3294444,-2.7469444/cumbria/work-experience/pdx-mc-3e644f15-f5d5-4866-a01e-0e4d66c192cc-81062",1,0,0,1,Cumbria
"/job-search/restaurant-411@55.011301,-1.49405/north-tyneside/crew-member/pdx-mc-1805d818-f5aa-4e27-9e14-c140ec7946ad-76874",1,1,0,0,North Tyneside
"/job-search/restaurant-793@52.25855,-1.1568663/northamptonshire/crew-member/pdx-mc-8cc54c65-5499-4704-a61c-7bab04cceb00-76917",1,1,0,0,Northamptonshire
"/job-search/restaurant-1593@52.6765097,-0.7359615/rutland/crew-member/pdx-mc-8cc54c65-5499-4704-a61c-7bab04cceb00-76924",1,1,0,0,Rutland
"/job-search/restaurant-1091@52.3506161,-0.1803246/cambridgeshire/customer-care/pdx-mc-bdb0a17f-e5fb-440c-aad9-76c3510cad54-76919",1,1,0,0,Cambridgeshire
"/job-search/restaurant-1593@52.6765097,-0.7359615/rutland/customer-care/pdx-mc-bdb0a17f-e5fb-440c-aad9-76c3510cad54-76924",1,1,0,0,Rutland
"/job-search/restaurant-1113@52.3856752,-1.2583682/warwickshire/customer-care/pdx-mc-bdb0a17f-e5fb-440c-aad9-76c3510cad54-76926",1,0,1,0,Warwickshire
"/job-search/restaurant-1624@52.3747213,-1.2632755/warwickshire/customer-care/pdx-mc-bdb0a17f-e5fb-440c-aad9-76c3510cad54-78276",1,0,1,0,Warwickshire
"/job-search/restaurant-1295@52.6577757,-0.4661133/lincolnshire/customer-care/pdx-mc-bdb0a17f-e5fb-440c-aad9-76c3510cad54-80792",1,1,0,0,Lincolnshire
"/job-search/restaurant-1426@52.3443433,-1.3388592/warwickshire/work-experience/pdx-mc-83b812b5-8a4d-499f-a887-7902b6aafbf4-76918",1,0,0,1,Warwickshire
"/job-search/restaurant-1530@52.3300165,-0.0594106/st-ives/work-experience/pdx-mc-83b812b5-8a4d-499f-a887-7902b6aafbf4-76927",1,0,0,1,St Ives
"/job-search/restaurant-1594@52.2797667,-0.9056113/northamptonshire/work-experience/pdx-mc-83b812b5-8a4d-499f-a887-7902b6aafbf4-78275",1,0,0,1,Northamptonshire
"/job-search/restaurant-1052@52.540435,-0.2567179/cambridgeshire/work-experience/pdx-mc-83b812b5-8a4d-499f-a887-7902b6aafbf4-80787",1,0,0,1,Cambridgeshire
"/job-search/restaurant-793@52.25855,-1.1568663/northamptonshire/customer-care/pdx-mc-57380a9d-4f7f-4c8e-8dfe-a72f3956b782-76917",1,0,1,0,Northamptonshire
"/job-search/restaurant-512@53.5150271,-1.1021861/south-yorkshire/crew-member-full-timepart-time-doncaster-dome-morningseveningsovernights-over-18s-only/pdx-mc-8e21c168-76d8-4587-b61e-016d2c5dd414-76933",1,1,0,0,South Yorkshire
"/job-search/restaurant-512@53.5150271,-1.1021861/south-yorkshire/crew-member-part-time-doncaster-dome-morningsevenings/pdx-mc-97617fd5-15f6-49c0-826a-33f4faa5929e-76933",1,0,1,0,South Yorkshire
"/job-search/restaurant-1690@53.3900428,-1.0644603/worksop/crew-member/pdx-mc-6b24a258-5d80-4a4e-bd04-9ffdfa9851ac-81055",1,1,0,0,Worksop
"/job-search/restaurant-512@53.5150271,-1.1021861/south-yorkshire/overnight-crew-member/pdx-mc-6852e108-76bb-47fc-89b0-c7358e72bc1c-76933",1,1,0,0,South Yorkshire
"/job-search/restaurant-454@54.6471712,-5.6564609/county-down/part-time-customer-care-18-bangor-northern-ireland/pdx-mc-495cedc2-8743-4e00-886d-f773704a9772-76947",1,0,1,0,County Down
"/job-search/restaurant-454@54.6471712,-5.6564609/county-down/crew-member-18-bangor-northern-ireland/pdx-mc-eeb12726-1b19-452f-92df-1dfdaa58cd5c-76947",1,0,1,0,County Down
"/job-search/restaurant-721@54.6692784,-5.9557245/county-antrim/customer-care-18-glengormley/pdx-mc-bfe2d1bc-2473-45fb-bbde-3a02ccb30e48-76953",1,1,0,0,County Antrim
"/job-search/restaurant-454@54.6471712,-5.6564609/county-down/crew-member/pdx-mc-447eb5c1-111f-441a-9e93-e7b8c83a9208-76947",1,0,1,0,County Down
"/job-search/restaurant-806@54.7125837,-5.8135943/county-antrim/crew-member/pdx-mc-447eb5c1-111f-441a-9e93-e7b8c83a9208-76950",1,1,0,0,County Antrim
"/job-search/restaurant-1570@54.6186289,-5.8559078/northern-ireland/crew-member/pdx-mc-447eb5c1-111f-441a-9e93-e7b8c83a9208-76956",1,0,1,0,Northern Ireland
"/job-search/restaurant-561@54.655559,-5.9183499/county-antrim/crew-member-new-restaurant-opening/pdx-mc-dc33edb5-dd62-4d69-885e-5b8b6982846e-76954",1,1,0,0,County Antrim
"/job-search/restaurant-454@54.6471712,-5.6564609/county-down/customer-care/pdx-mc-60fe4ecf-4d3b-4071-b493-d5fde37db7a9-76947",1,0,1,0,County Down
"/job-search/restaurant-1525@54.6285809,-5.9230178/northern-ireland/customer-care/pdx-mc-60fe4ecf-4d3b-4071-b493-d5fde37db7a9-76948",1,0,1,0,Northern Ireland
"/job-search/restaurant-806@54.7125837,-5.8135943/county-antrim/customer-care/pdx-mc-60fe4ecf-4d3b-4071-b493-d5fde37db7a9-76950",1,1,0,0,County Antrim
"/job-search/restaurant-561@54.655559,-5.9183499/county-antrim/customer-care/pdx-mc-60fe4ecf-4d3b-4071-b493-d5fde37db7a9-76954",1,1,0,0,County Antrim
"/job-search/restaurant-1525@54.6285809,-5.9230178/northern-ireland/crew-member/pdx-mc-26383440-6147-4d01-a774-9fabec0dd507-76948",1,1,0,0,Northern Ireland
"/job-search/restaurant-806@54.7125837,-5.8135943/county-antrim/crew-member/pdx-mc-26383440-6147-4d01-a774-9fabec0dd507-76950",1,0,1,0,County Antrim
"/job-search/restaurant-561@54.655559,-5.9183499/county-antrim/crew-member-new-restaurant-opening/pdx-mc-f874955d-b510-4910-b1fe-f271690a0a03-76954",1,0,1,0,County Antrim
"/job-search/restaurant-1214@54.5928341,-5.7098965/county-down/customer-care/pdx-mc-74239ea2-f574-4f33-85f1-cf00b5305f66-76955",1,1,0,0,County Down
"/job-search/restaurant-1570@54.6186289,-5.8559078/northern-ireland/customer-care/pdx-mc-74239ea2-f574-4f33-85f1-cf00b5305f66-76956",1,1,0,0,Northern Ireland
"/job-search/restaurant-563@55.1221661,-6.6738699/county-londonderry/crew-member/pdx-mc-36689b3d-dadd-47de-b874-bd5d8222ee65-76968",1,1,0,0,County Londonderry
"/job-search/restaurant-1321@55.925904,-3.247354/edinburgh/crew-member/pdx-mc-3aa8bc6b-7a94-4306-9076-e409f1ccc46f-76969",1,0,1,0,Edinburgh
"/job-search/restaurant-1138@55.6208912,-2.8161803/border/customer-care/pdx-mc-8bd1df3a-52ac-483e-8f81-d32b02310c5e-79662",1,1,0,0,Border
"/job-search/restaurant-1138@55.6208912,-2.8161803/border/maintenance-person/pdx-mc-2613e105-7798-477f-bf62-a5280563486f-79662",1,1,0,0,Border
"/job-search/restaurant-272@55.9505977,-3.2066381/edinburgh/maintenance-person/pdx-mc-2613e105-7798-477f-bf62-a5280563486f-82791",1,0,1,0,Edinburgh
"/job-search/restaurant-1539@55.8857754,-3.0845592/edinburgh/overnight-crew-member/pdx-mc-8b01e427-2c08-4a17-8427-9575477874c0-109160",1,0,1,0,Edinburgh
"/job-search/restaurant-1138@55.6208912,-2.8161803/border/crew-member/pdx-mc-22f2ece1-63b0-4c5f-a7d7-9a4a21140c0b-79662",1,1,0,0,Border
"/job-search/restaurant-1138@55.6208912,-2.8161803/border/work-experience/pdx-mc-1e82a637-21c1-4570-87bb-859fcc2306b9-79662",1,0,0,1,Border
"/job-search/restaurant-1539@55.8857754,-3.0845592/edinburgh/work-experience/pdx-mc-1e82a637-21c1-4570-87bb-859fcc2306b9-109160",1,0,0,1,Edinburgh
"/job-search/restaurant-1499@51.197199,0.2841115/kent/crew-member/pdx-mc-f7bb761a-9b9c-4abb-8736-8103d74ad738-76971",1,1,0,0,Kent
"/job-search/restaurant-1509@53.1405716,-1.5622868/derbyshire/customer-experience-lead/pdx-mc-66f23ea1-5305-4f39-a6ca-6510ff323107-76980",1,1,0,0,Derbyshire
"/job-search/restaurant-1189@53.3918424,-1.4090196/south-yorkshire/crew-member/pdx-mc-60efa0d2-f0e6-4fb0-b5ab-d9285c275119-76983",1,1,0,0,South Yorkshire
"/job-search/restaurant-935@53.2005534,-1.0264797/nottinghamshire/maintenance-person/pdx-mc-a1a458cb-3fb5-4d80-a603-4a8e3c419d5f-76982",1,1,0,0,Nottinghamshire
"/job-search/restaurant-777@53.0919738,-0.7894476/nottinghamshire/overnight-crew-member/pdx-mc-c19196c7-ebcd-4967-873c-c1e3711728ef-76981",1,1,0,0,Nottinghamshire
"/job-search/restaurant-777@53.0919738,-0.7894476/nottinghamshire/customer-care/pdx-mc-08d0feff-4133-48a2-b96d-f51c5ef36943-76981",1,1,0,0,Nottinghamshire
"/job-search/restaurant-1383@52.9906654,-2.1425563/staffordshire/crew-member-longton-full-time/pdx-mc-6e52c4fd-2b3c-4597-980f-23796ab42ff8-77022",1,1,0,0,Staffordshire
"/job-search/restaurant-184@53.0254927,-2.1737209/staffordshire/crew-member/pdx-mc-cae784bc-1d64-4951-836c-de7874ac82da-77014",1,1,0,0,Staffordshire
"/job-search/restaurant-1203@53.1447291,-2.3668238/cheshire/crew-member/pdx-mc-cae784bc-1d64-4951-836c-de7874ac82da-77020",1,1,0,0,Cheshire
"/job-search/restaurant-1169@53.0919212,-2.4309349/cheshire/customer-care/pdx-mc-55d1341b-0641-408a-b68a-81aa1fbca32a-77012",1,1,0,0,Cheshire
"/job-search/restaurant-1383@52.9906654,-2.1425563/staffordshire/customer-care/pdx-mc-55d1341b-0641-408a-b68a-81aa1fbca32a-77022",1,1,0,0,Staffordshire
"/job-search/restaurant-1203@53.1447291,-2.3668238/cheshire/shift-leader/pdx-mc-97f670a0-a97b-4e43-ad8b-68be428ad010-77020",1,1,0,0,Cheshire
"/job-search/restaurant-1169@53.0919212,-2.4309349/cheshire/crew-member/pdx-mc-7e0c6a23-31db-4b94-a5dd-2426dcff409d-77012",1,0,1,0,Cheshire
"/job-search/restaurant-184@53.0254927,-2.1737209/staffordshire/crew-member/pdx-mc-7e0c6a23-31db-4b94-a5dd-2426dcff409d-77014",1,1,0,0,Staffordshire
"/job-search/restaurant-1203@53.1447291,-2.3668238/cheshire/customer-care/pdx-mc-8db207a3-d71f-43e6-a72e-1e6844accbf1-77020",1,1,0,0,Cheshire
"/job-search/restaurant-1406@53.1381967,-2.3364428/cheshire/crew-member/pdx-mc-c75aba86-b077-46a9-8e65-73872ca7efd8-77929",1,1,0,0,Cheshire
"/job-search/restaurant-1455@53.1374135,-1.3335326/derbyshire/crew-member/pdx-mc-c75aba86-b077-46a9-8e65-73872ca7efd8-110099",1,1,0,0,Derbyshire
"/job-search/restaurant-1406@53.1381967,-2.3364428/cheshire/customer-care/pdx-mc-1d03d412-3cc9-4642-afbd-bc667f7f5ed4-77929",1,1,0,0,Cheshire
"/job-search/restaurant-1414@50.9769236,-3.1462904/somerset/customer-care/pdx-mc-1d03d412-3cc9-4642-afbd-bc667f7f5ed4-77936",1,0,1,0,Somerset
"/job-search/restaurant-1414@50.9769236,-3.1462904/somerset/overnight-crew-member/pdx-mc-125994da-5400-4aa4-af47-42409a1c8532-77936",1,0,1,0,Somerset
"/job-search/restaurant-1368@51.6852107,-0.1488527/kent/shift-leader/pdx-mc-56275c5b-0bf3-4d35-b844-ac512ad160e3-77032",1,1,0,0,Kent
"/job-search/restaurant-1455@53.1374135,-1.3335326/derbyshire/shift-leader/pdx-mc-56275c5b-0bf3-4d35-b844-ac512ad160e3-110099",1,1,0,0,Derbyshire
"/job-search/restaurant-232@52.7722023,-1.2058691/leicestershire/overnight-crew-member/pdx-mc-851edd61-1e5f-4261-b4bd-13eb749f7ca6-77063",1,1,0,0,Leicestershire
"/job-search/restaurant-909@51.5733063,-3.0098309/gwent/crew-member/pdx-mc-1e502a93-7c1c-4b8d-b477-83c9719301f0-77066",1,1,0,0,Gwent
"/job-search/restaurant-2027@51.6078807,-1.2360209/oxfordshire/crew-member/pdx-mc-da935a1a-e0f7-4734-8985-167e01a0d9a4-83358",1,0,1,0,Oxfordshire
"/job-search/restaurant-2027@51.6078807,-1.2360209/oxfordshire/crew-member/pdx-mc-99e9e74b-84bd-4692-8a76-d4923f556ffb-83358",1,0,1,0,Oxfordshire
"/job-search/restaurant-836@51.3800302,0.4770656/kent/crew-member/pdx-mc-0734d7ab-fedd-4a4a-8bf2-abae3390afb0-77142",1,1,0,0,Kent
"/job-search/restaurant-836@51.3800302,0.4770656/kent/customer-care/pdx-mc-c850aa75-ffd1-4c6b-ad0e-e6f6ca47bf1d-77142",1,1,0,0,Kent
"/job-search/restaurant-624@51.3952236,0.4930369/kent/overnight-crew-member/pdx-mc-ea0a767b-394c-40dc-acaa-e2742e839c62-77143",1,1,0,0,Kent
"/job-search/restaurant-216@51.6550161,-3.0210625/torfaen/crew-member/pdx-mc-92f71c8d-cd27-470c-9b59-94085ed6827f-77148",1,0,1,0,Torfaen
"/job-search/restaurant-1215@51.6947898,-4.9353629/pembrokeshire/crew-member/pdx-mc-92f71c8d-cd27-470c-9b59-94085ed6827f-77152",1,1,0,0,Pembrokeshire
"/job-search/restaurant-601@51.8230868,-3.098082/glamorgan/crew-member/pdx-mc-92f71c8d-cd27-470c-9b59-94085ed6827f-77154",1,1,0,0,Glamorgan
"/job-search/restaurant-219@51.3974167,-3.2951491/glamorgan/crew-member/pdx-mc-92f71c8d-cd27-470c-9b59-94085ed6827f-77157",1,1,0,0,Glamorgan
"/job-search/restaurant-1704@51.715931,-5.0402288/pembrokeshire/crew-member/pdx-mc-92f71c8d-cd27-470c-9b59-94085ed6827f-83042",1,0,1,0,Pembrokeshire
"/job-search/restaurant-1215@51.6947898,-4.9353629/pembrokeshire/customer-care/pdx-mc-e5200b70-64dc-446a-a0c9-f6f3456b132a-77152",1,1,0,0,Pembrokeshire
"/job-search/restaurant-219@51.3974167,-3.2951491/glamorgan/crew-member/pdx-mc-5128844c-a88e-487c-8227-29235f321eb3-77157",1,1,0,0,Glamorgan
"/job-search/restaurant-702@52.0853896,1.1132268/suffolk/customer-care-whitehouse-ip1-5np/pdx-mc-2eff4fb3-8cab-479e-93a7-198e90daf645-77170",1,0,1,0,Suffolk
"/job-search/restaurant-702@52.0853896,1.1132268/suffolk/late-evenings-part-time-team-member-whitehouse/pdx-mc-6267c610-80d6-4a3e-bd70-68678532ba3f-77170",1,0,1,0,Suffolk
"/job-search/restaurant-1464@52.3390837,0.5338186/suffolk/crew-member/pdx-mc-1327e479-562e-44af-93ca-ad6d56730f2f-80814",1,1,0,0,Suffolk
"/job-search/restaurant-702@52.0853896,1.1132268/suffolk/customer-care/pdx-mc-58d12faf-eda7-4a69-858a-ad0352dcc0be-77170",1,0,1,0,Suffolk
"/job-search/restaurant-1464@52.3390837,0.5338186/suffolk/overnight-crew-member/pdx-mc-334c8403-8c27-4403-a587-2f31aec51c1f-80814",1,1,0,0,Suffolk
"/job-search/restaurant-702@52.0853896,1.1132268/suffolk/overnight-crew-member/pdx-mc-7342e156-8d63-4556-bb0b-707abc74148c-77170",1,1,0,0,Suffolk
"/job-search/restaurant-1139@52.3476016,-0.5468489/northamptonshire/customer-care/pdx-mc-a33ef590-4366-4349-85a7-16f57d0188ef-77174",1,1,0,0,Northamptonshire
"/job-search/restaurant-1139@52.3476016,-0.5468489/northamptonshire/overnight-crew-member/pdx-mc-197555c6-cec2-49aa-a4a9-cd5819992c65-77174",1,1,0,0,Northamptonshire
"/job-search/restaurant-1557@56.1837341,-3.1455445/glenrothes/crew-member/pdx-mc-718aa9b4-50f1-4763-a192-c788ceffd57a-116270",1,0,1,0,Glenrothes
"/job-search/restaurant-730@56.198204,-3.162102/fife/customer-care/pdx-mc-9787e467-06d6-4d99-854a-46af32f3c4b0-116271",1,1,0,0,Fife
"/job-search/restaurant-1318@53.5500032,-2.7717475/lancashire/crew-member-skelmersdale-part-time-hours/pdx-mc-68e290f1-69f7-4acc-8b9d-7671494a89d0-77195",1,0,1,0,Lancashire
"/job-search/restaurant-1318@53.5500032,-2.7717475/lancashire/customer-care-skelmersdale-part-time-hours/pdx-mc-8d913e35-87f2-48eb-b7d5-940be0ba375b-77195",1,0,1,0,Lancashire
"/job-search/restaurant-1318@53.5500032,-2.7717475/lancashire/crew-member-overnights-only-2230-0630/pdx-mc-593aa9a0-0128-44e8-aee0-104ec7d07d9c-77195",1,1,0,0,Lancashire
"/job-search/restaurant-1643@54.1972669,-3.08559/cumbria/crew-member/pdx-mc-e33c3bbf-7666-4805-a251-d9f078774958-81061",1,1,0,0,Cumbria
"/job-search/restaurant-1888@53.3669487,-2.9133507/liverpool/crew-member/pdx-mc-e33c3bbf-7666-4805-a251-d9f078774958-82133",1,0,1,0,Liverpool
"/job-search/restaurant-1643@54.1972669,-3.08559/cumbria/customer-care/pdx-mc-f245a5a5-fd54-4e2a-a008-0ff14de14f8e-81061",1,1,0,0,Cumbria
"/job-search/restaurant-921@51.7381977,0.47938/essex/chelmsford-riverside-retail-park-early-morning-starts-from-4am/pdx-mc-41c16c23-54fb-48c3-9559-bd98e27a6fb5-77203",1,1,0,0,Essex
"/job-search/restaurant-993@52.1040848,0.1768111/cambridgeshire/crew-member-full-time-whittlesford-cb22-3hd/pdx-mc-17bb66c4-f352-4ec8-9b96-529bdd05405f-77208",1,1,0,0,Cambridgeshire
"/job-search/restaurant-993@52.1040848,0.1768111/cambridgeshire/crew-member-full-time-mornings-afternoon-whittlesford-cb22-3hd/pdx-mc-01f0087e-fcdf-4354-9ea9-3c551deb5553-77208",1,1,0,0,Cambridgeshire
"/job-search/restaurant-921@51.7381977,0.47938/essex/chelmsford-riverside-retail-park-to-be-available-until-1am/pdx-mc-0ee90ae3-3c91-4bd6-917d-00648da3f91e-77203",1,1,0,0,Essex
"/job-search/restaurant-1355@51.8754021,0.2495824/essex/crew-member/pdx-mc-c6582fd0-b47e-4073-8778-efd827aa4ad7-77206",1,0,1,0,Essex
"/job-search/restaurant-1355@51.8754021,0.2495824/essex/customer-care/pdx-mc-b10f347c-1bb8-4558-b924-8ea17b10975d-77206",1,0,1,0,Essex
"/job-search/restaurant-516@51.869219,0.581872/essex/overnight-crew-member/pdx-mc-3e125cc8-675c-4b89-9a9f-a80f4232b9d2-77198",1,1,0,0,Essex
"/job-search/restaurant-763@51.7353988,0.6795569/essex/crew-member/pdx-mc-dce6d298-cc7f-40e0-bc8d-01410ae045b4-77204",1,1,0,0,Essex
"/job-search/restaurant-1491@51.7780883,0.4878509/essex/customer-care/pdx-mc-1bda7e88-d9e7-42c7-8ba2-868edf2dd9de-77201",1,1,0,0,Essex
"/job-search/restaurant-26@51.2765161,0.5224456/kent/crew-member/pdx-mc-18afb242-2339-4886-b1a7-3ccab802c509-77212",1,1,0,0,Kent
"/job-search/restaurant-29@51.4510052,0.0524644/london/crew-member-eltham-high-street-evening-1600-0200/pdx-mc-17408e4b-bc11-4a4a-a087-f97536f722b1-77216",1,1,0,0,London
"/job-search/restaurant-29@51.4510052,0.0524644/london/overnight-crew-member/pdx-mc-5b5dc318-070e-4ce9-b52b-de9f31d0727e-77216",1,1,0,0,London
"/job-search/restaurant-345@53.7278663,-0.3718407/east-yorkshire/crew-member/pdx-mc-9a928e7e-60e9-4007-8078-d77b8c0431fb-77233",1,1,0,0,East Yorkshire
"/job-search/restaurant-345@53.7278663,-0.3718407/east-yorkshire/customer-care/pdx-mc-11ad9489-224d-438b-9e4f-ff814c3279a1-77233",1,1,0,0,East Yorkshire
"/job-search/restaurant-957@53.7529891,-0.313917/east-yorkshire/crew-member/pdx-mc-e9123204-0846-4104-8605-33565f783fcc-77232",1,1,0,0,East Yorkshire
"/job-search/restaurant-345@53.7278663,-0.3718407/east-yorkshire/crew-member/pdx-mc-e9123204-0846-4104-8605-33565f783fcc-77233",1,0,1,0,East Yorkshire
"/job-search/restaurant-1212@54.9989471,-7.2747566/county-londonderry/crew-member/pdx-mc-c7fbb3d5-0f2b-46a2-a8eb-04d58f949a17-77265",1,1,0,0,County Londonderry
"/job-search/restaurant-1715@54.3429673,-7.6287604/co-fermanagh/customer-care/pdx-mc-aa898928-5d40-4272-a8e7-27c0cdcb368d-105643",1,1,0,0,Co. Fermanagh
"/job-search/restaurant-1715@54.3429673,-7.6287604/co-fermanagh/maintenance-person/pdx-mc-aac0e428-b2c7-46cb-a088-1956729ef532-105643",1,1,0,0,Co. Fermanagh
"/job-search/restaurant-1715@54.3429673,-7.6287604/co-fermanagh/overnight-crew-member/pdx-mc-f936e102-dfb1-4a3a-9928-1054c90e8daf-105643",1,1,0,0,Co. Fermanagh
"/job-search/restaurant-1715@54.3429673,-7.6287604/co-fermanagh/crew-member/pdx-mc-94ca08fd-a283-4fee-9546-3d5b1da8db3c-105643",1,1,0,0,Co. Fermanagh
"/job-search/restaurant-950@51.4389731,0.2710697/kent/crew-member/pdx-mc-ad85a9a7-b3b3-4aac-8d1a-19fb82bbfd67-77270",1,0,1,0,Kent
"/job-search/restaurant-1427@51.4376036,0.2374938/kent/crew-member/pdx-mc-ad85a9a7-b3b3-4aac-8d1a-19fb82bbfd67-77273",1,0,1,0,Kent
"/job-search/restaurant-1563@51.4440709,0.3611198/london/crew-member/pdx-mc-ad85a9a7-b3b3-4aac-8d1a-19fb82bbfd67-77275",1,1,0,0,London
"/job-search/restaurant-529@51.4092096,0.1451832/kent/crew-member/pdx-mc-ad85a9a7-b3b3-4aac-8d1a-19fb82bbfd67-77276",1,0,1,0,Kent
"/job-search/restaurant-928@51.448429,0.2798648/kent/customer-care/pdx-mc-12f85525-fbe7-4d38-84a9-babb47992604-77272",1,0,1,0,Kent
"/job-search/restaurant-380@51.4631684,0.1048925/london/customer-care/pdx-mc-12f85525-fbe7-4d38-84a9-babb47992604-77277",1,1,0,0,London
"/job-search/restaurant-140@51.4423767,0.3690223/kent/maintenance-person/pdx-mc-d681651e-4bc6-426c-9f3b-ca0b422357ed-77274",1,1,0,0,Kent
"/job-search/restaurant-81@51.4566816,0.145018/london/crew-member/pdx-mc-9fe88499-b2cf-4a97-8c46-d6c0cbe080e5-77269",1,1,0,0,London
"/job-search/restaurant-950@51.4389731,0.2710697/kent/crew-member/pdx-mc-9fe88499-b2cf-4a97-8c46-d6c0cbe080e5-77270",1,0,1,0,Kent
"/job-search/restaurant-928@51.448429,0.2798648/kent/crew-member/pdx-mc-9fe88499-b2cf-4a97-8c46-d6c0cbe080e5-77272",1,0,1,0,Kent
"/job-search/restaurant-950@51.4389731,0.2710697/kent/customer-care/pdx-mc-348301dd-548a-4701-8264-387230a11923-77270",1,0,1,0,Kent
"/job-search/restaurant-928@51.448429,0.2798648/kent/customer-care/pdx-mc-348301dd-548a-4701-8264-387230a11923-77272",1,0,1,0,Kent
"/job-search/restaurant-928@51.448429,0.2798648/kent/overnight-crew-member/pdx-mc-c41a78f0-c530-4a59-9891-af493c88b353-77272",1,0,1,0,Kent
"/job-search/restaurant-1420@52.3217169,-1.6660238/warwickshire/crew-member/pdx-mc-4bc4dc3d-1343-4f0e-82b2-107dacb07725-77295",1,1,0,0,Warwickshire
"/job-search/restaurant-606@51.452898,0.0347365/london/work-experience/pdx-mc-64696c16-c036-4e3f-9788-d97c19b31c09-77339",1,0,0,1,London
"/job-search/restaurant-1407@52.9615598,-1.0659819/nottinghamshire/crew-member/pdx-mc-2965d861-c13b-4158-a6a6-b8122f857174-77348",1,0,1,0,Nottinghamshire
"/job-search/restaurant-526@52.9386203,-1.129904/nottinghamshire/crew-member/pdx-mc-2965d861-c13b-4158-a6a6-b8122f857174-77356",1,1,0,0,Nottinghamshire
"/job-search/restaurant-526@52.9386203,-1.129904/nottinghamshire/customer-care/pdx-mc-75ef1c73-18a9-4eab-93f9-92a20ff2cc40-77356",1,1,0,0,Nottinghamshire
"/job-search/restaurant-1407@52.9615598,-1.0659819/nottinghamshire/maintenance-person/pdx-mc-8c75afe0-29e8-4a00-bd9c-cc084d792982-77348",1,1,0,0,Nottinghamshire
"/job-search/restaurant-1540@52.9560076,-1.1469715/nottinghamshire/maintenance-person/pdx-mc-8c75afe0-29e8-4a00-bd9c-cc084d792982-77351",1,1,0,0,Nottinghamshire
"/job-search/restaurant-1407@52.9615598,-1.0659819/nottinghamshire/crew-member/pdx-mc-84226e83-5823-4187-9f17-e587b0c5c763-77348",1,1,0,0,Nottinghamshire
"/job-search/restaurant-676@52.9536657,-1.152858/nottinghamshire/customer-care/pdx-mc-4606cdce-f2f9-4844-98b2-76fc00013362-77346",1,1,0,0,Nottinghamshire
"/job-search/restaurant-973@51.3807345,-2.3897716/somerset/mcdonalds-bath-drive-thru-full-time-crew-member/pdx-mc-2551cd1d-65de-4140-83ae-eadd476516ef-77374",1,1,0,0,Somerset
"/job-search/restaurant-125@51.3788119,-2.3598855/somerset/maintenance-person/pdx-mc-ef94557b-2902-486b-9d0f-533ba003efae-77373",1,1,0,0,Somerset
"/job-search/restaurant-973@51.3807345,-2.3897716/somerset/maintenance-person/pdx-mc-ef94557b-2902-486b-9d0f-533ba003efae-77374",1,0,1,0,Somerset
"/job-search/restaurant-125@51.3788119,-2.3598855/somerset/crew-member/pdx-mc-e15b5c4c-7033-4f5d-8255-f109f0a55cb7-77373",1,1,0,0,Somerset
"/job-search/restaurant-457@51.4293611,-2.5385944/bristol/crew-member/pdx-mc-e15b5c4c-7033-4f5d-8255-f109f0a55cb7-77375",1,1,0,0,Bristol
"/job-search/restaurant-125@51.3788119,-2.3598855/somerset/customer-care/pdx-mc-8385cea1-4264-4a1c-93f3-2ff1b4e521d9-77373",1,1,0,0,Somerset
"/job-search/restaurant-973@51.3807345,-2.3897716/somerset/work-experience/pdx-mc-7af94608-94f8-486c-894a-793b081b58c1-77374",1,0,0,1,Somerset
"/job-search/restaurant-125@51.3788119,-2.3598855/somerset/crew-member/pdx-mc-acaa9934-b517-4a48-8a29-e177da50bac8-77373",1,1,0,0,Somerset
"/job-search/restaurant-1562@52.4743014,0.953838/norfolk/snetterton-maintenance-caretaker-18-only-wednesday-friday-sunday-1276ph/pdx-mc-09ef4a9c-04e4-4576-b5ad-5400096b0fb7-77388",1,1,0,0,Norfolk
"/job-search/restaurant-607@52.6102714,1.2917766/norfolk/crew-member/pdx-mc-6af9b279-5aba-426d-beeb-5b19fa386899-77389",1,0,1,0,Norfolk
"/job-search/restaurant-1405@52.7443894,0.3828219/norfolk/crew-member/pdx-mc-6af9b279-5aba-426d-beeb-5b19fa386899-81718",1,1,0,0,Norfolk
"/job-search/restaurant-2206@52.8366414,0.8629938/norfolk/crew-member/pdx-mc-6af9b279-5aba-426d-beeb-5b19fa386899-109715",1,1,0,0,Norfolk
"/job-search/restaurant-607@52.6102714,1.2917766/norfolk/customer-care/pdx-mc-3d826d10-749c-44e9-8d6a-3bfc966904c6-77389",1,0,1,0,Norfolk
"/job-search/restaurant-1405@52.7443894,0.3828219/norfolk/customer-care/pdx-mc-3d826d10-749c-44e9-8d6a-3bfc966904c6-81718",1,0,1,0,Norfolk
"/job-search/restaurant-1238@52.6672155,1.2752559/norfolk/maintenance-person/pdx-mc-4a078a50-90ec-4a3c-b4ca-30f1d9b48309-77387",1,1,0,0,Norfolk
"/job-search/restaurant-1562@52.4743014,0.953838/norfolk/overnight-crew-member/pdx-mc-b2604867-de4a-4a8c-b5a4-1025fca8b774-77388",1,1,0,0,Norfolk
"/job-search/restaurant-661@52.7402947,0.4096096/norfolk/overnight-crew-member/pdx-mc-fb1a1be8-9e52-4389-ba12-9e69e737a0af-81715",1,0,1,0,Norfolk
"/job-search/restaurant-1178@56.002831,-3.7820011/stirlingshire/crew-member/pdx-mc-5a83e024-e52c-4531-8dce-a55ba4bdd89c-77399",1,1,0,0,Stirlingshire
"/job-search/restaurant-1596@56.1135462,-3.9098727/stirlingshire/crew-member/pdx-mc-5a83e024-e52c-4531-8dce-a55ba4bdd89c-77402",1,1,0,0,Stirlingshire
"/job-search/restaurant-315@56.1189766,-3.9362906/stirlingshire/crew-member/pdx-mc-5a83e024-e52c-4531-8dce-a55ba4bdd89c-77404",1,1,0,0,Stirlingshire
"/job-search/restaurant-646@55.9475498,-3.9889661/lanarkshire/crew-member/pdx-mc-5a83e024-e52c-4531-8dce-a55ba4bdd89c-80798",1,0,1,0,Lanarkshire
"/job-search/restaurant-1178@56.002831,-3.7820011/stirlingshire/customer-care/pdx-mc-780c7fbe-c30a-4789-9a04-6b4900288b83-77399",1,0,1,0,Stirlingshire
"/job-search/restaurant-1597@56.0050735,-3.821987/stirlingshire/customer-care/pdx-mc-780c7fbe-c30a-4789-9a04-6b4900288b83-77400",1,1,0,0,Stirlingshire
"/job-search/restaurant-840@56.0118177,-3.7459024/falkirk/customer-care/pdx-mc-780c7fbe-c30a-4789-9a04-6b4900288b83-77401",1,0,1,0,Falkirk
"/job-search/restaurant-1596@56.1135462,-3.9098727/stirlingshire/customer-care/pdx-mc-780c7fbe-c30a-4789-9a04-6b4900288b83-77402",1,1,0,0,Stirlingshire
"/job-search/restaurant-1044@56.1311592,-3.9561648/stirlingshire/customer-care/pdx-mc-780c7fbe-c30a-4789-9a04-6b4900288b83-77403",1,0,1,0,Stirlingshire
"/job-search/restaurant-646@55.9475498,-3.9889661/lanarkshire/customer-care/pdx-mc-780c7fbe-c30a-4789-9a04-6b4900288b83-80798",1,0,1,0,Lanarkshire
"/job-search/restaurant-1044@56.1311592,-3.9561648/stirlingshire/maintenance-person/pdx-mc-ec6780bb-c0ae-4b8c-b7ff-f0209b215488-77403",1,0,1,0,Stirlingshire
"/job-search/restaurant-1689@55.9439924,-4.0287202/glasgow/maintenance-person/pdx-mc-ec6780bb-c0ae-4b8c-b7ff-f0209b215488-109678",1,1,0,0,Glasgow
"/job-search/restaurant-1149@56.1157423,-3.7754089/clackmannanshire/overnight-crew-member/pdx-mc-d947bb27-b3a0-4b98-b86c-b020fa7af55a-77396",1,1,0,0,Clackmannanshire
"/job-search/restaurant-1012@55.9376676,-3.4023375/edinburgh/overnight-crew-member/pdx-mc-d947bb27-b3a0-4b98-b86c-b020fa7af55a-77398",1,0,1,0,Edinburgh
"/job-search/restaurant-1178@56.002831,-3.7820011/stirlingshire/overnight-crew-member/pdx-mc-d947bb27-b3a0-4b98-b86c-b020fa7af55a-77399",1,1,0,0,Stirlingshire
"/job-search/restaurant-1597@56.0050735,-3.821987/stirlingshire/overnight-crew-member/pdx-mc-d947bb27-b3a0-4b98-b86c-b020fa7af55a-77400",1,1,0,0,Stirlingshire
"/job-search/restaurant-840@56.0118177,-3.7459024/falkirk/overnight-crew-member/pdx-mc-d947bb27-b3a0-4b98-b86c-b020fa7af55a-77401",1,1,0,0,Falkirk
"/job-search/restaurant-1596@56.1135462,-3.9098727/stirlingshire/overnight-crew-member/pdx-mc-d947bb27-b3a0-4b98-b86c-b020fa7af55a-77402",1,0,1,0,Stirlingshire
"/job-search/restaurant-1044@56.1311592,-3.9561648/stirlingshire/overnight-crew-member/pdx-mc-d947bb27-b3a0-4b98-b86c-b020fa7af55a-77403",1,0,1,0,Stirlingshire
"/job-search/restaurant-1012@55.9376676,-3.4023375/edinburgh/customer-care/pdx-mc-0cd25be9-ca5a-4828-a3e7-bc004dda7d4a-77398",1,1,0,0,Edinburgh
"/job-search/restaurant-1178@56.002831,-3.7820011/stirlingshire/customer-care/pdx-mc-0cd25be9-ca5a-4828-a3e7-bc004dda7d4a-77399",1,1,0,0,Stirlingshire
"/job-search/restaurant-1597@56.0050735,-3.821987/stirlingshire/customer-care/pdx-mc-0cd25be9-ca5a-4828-a3e7-bc004dda7d4a-77400",1,0,1,0,Stirlingshire
"/job-search/restaurant-1596@56.1135462,-3.9098727/stirlingshire/customer-care/pdx-mc-0cd25be9-ca5a-4828-a3e7-bc004dda7d4a-77402",1,0,1,0,Stirlingshire
"/job-search/restaurant-1012@55.9376676,-3.4023375/edinburgh/crew-member/pdx-mc-b63d893e-47c8-4b5f-b4c2-46295e59b5d1-77398",1,1,0,0,Edinburgh
"/job-search/restaurant-1178@56.002831,-3.7820011/stirlingshire/crew-member/pdx-mc-b63d893e-47c8-4b5f-b4c2-46295e59b5d1-77399",1,0,1,0,Stirlingshire
"/job-search/restaurant-1597@56.0050735,-3.821987/stirlingshire/crew-member/pdx-mc-b63d893e-47c8-4b5f-b4c2-46295e59b5d1-77400",1,1,0,0,Stirlingshire
"/job-search/restaurant-1149@56.1157423,-3.7754089/clackmannanshire/overnight-crew-member/pdx-mc-c9e01d92-1414-4bed-a3b1-d8f321a93dfb-77396",1,0,1,0,Clackmannanshire
"/job-search/restaurant-1012@55.9376676,-3.4023375/edinburgh/overnight-crew-member/pdx-mc-c9e01d92-1414-4bed-a3b1-d8f321a93dfb-77398",1,1,0,0,Edinburgh
"/job-search/restaurant-1178@56.002831,-3.7820011/stirlingshire/overnight-crew-member/pdx-mc-c9e01d92-1414-4bed-a3b1-d8f321a93dfb-77399",1,0,1,0,Stirlingshire
"/job-search/restaurant-1597@56.0050735,-3.821987/stirlingshire/overnight-crew-member/pdx-mc-c9e01d92-1414-4bed-a3b1-d8f321a93dfb-77400",1,0,1,0,Stirlingshire
"/job-search/restaurant-840@56.0118177,-3.7459024/falkirk/overnight-crew-member/pdx-mc-c9e01d92-1414-4bed-a3b1-d8f321a93dfb-77401",1,0,1,0,Falkirk
"/job-search/restaurant-1596@56.1135462,-3.9098727/stirlingshire/overnight-crew-member/pdx-mc-c9e01d92-1414-4bed-a3b1-d8f321a93dfb-77402",1,1,0,0,Stirlingshire
"/job-search/restaurant-988@51.6797324,-0.0497357/london/customer-care-assistant-bullsmoor-ln-enfield/pdx-mc-756296a9-5bff-42d4-83b5-01b4b52066a4-82591",1,1,0,0,London
"/job-search/restaurant-2326@51.7186721,-0.0387869/waltham-cross/brookfield-retail-park-crew/pdx-mc-e1437e95-f251-416a-947a-739e6f38c4b8-110716",1,1,0,0,Waltham Cross
"/job-search/restaurant-988@51.6797324,-0.0497357/london/overnight-crew-member/pdx-mc-75d0aded-ea59-41e1-8c2d-6930ba6be3f4-82591",1,1,0,0,London
"/job-search/restaurant-1159@53.745548,-2.9372094/lancashire/lytham-customer-care-assistant-full-time/pdx-mc-81a02d55-cc2f-4552-ba83-4f62d6bfbd46-77437",1,1,0,0,Lancashire
"/job-search/restaurant-959@53.9186784,-3.0114207/lancashire/customer-care/pdx-mc-8b708c7d-74b8-4a9d-acd6-1e2a7aa8f121-77435",1,0,1,0,Lancashire
"/job-search/restaurant-959@53.9186784,-3.0114207/lancashire/maintenance-person/pdx-mc-348e9f42-1ba6-44d2-8f25-bc8d7d7873ca-77435",1,0,1,0,Lancashire
"/job-search/restaurant-1612@52.7653042,-2.1076937/staffordshire/customer-care/pdx-mc-618a74c2-6826-4ce8-a8dd-c1df4993a401-77446",1,0,1,0,Staffordshire
"/job-search/restaurant-364@56.4776713,-2.927657/angus/crew-memberpart-time-dundee-dt/pdx-mc-cee8d661-a494-4e49-9a6b-6ffa4a4027ba-97750",1,0,1,0,Angus
"/job-search/restaurant-1006@56.4902705,-2.8338903/angus/crew-member-monifieth-overnights/pdx-mc-67fd4625-8cf4-4bbf-8ad8-36f6d216ecd1-77463",1,1,0,0,Angus
"/job-search/restaurant-1006@56.4902705,-2.8338903/angus/crew-member/pdx-mc-270cac36-4529-463c-b3f9-b849ac36b1a7-77463",1,1,0,0,Angus
"/job-search/restaurant-377@56.4066985,-3.4463363/perth-kinross/crew-member/pdx-mc-270cac36-4529-463c-b3f9-b849ac36b1a7-116275",1,0,1,0,Perth & Kinross
"/job-search/restaurant-1273@56.3882964,-3.4857804/perth-kinross/maintenance-person/pdx-mc-5d35afc9-6a2c-45dd-9dfc-e918d815ec22-116274",1,1,0,0,Perth & Kinross
"/job-search/restaurant-1090@56.4818643,-3.0166345/angus/overnight-crew-member/pdx-mc-de0b1fb1-d1c4-4378-96ea-4354c369c323-97749",1,1,0,0,Angus
"/job-search/restaurant-1273@56.3882964,-3.4857804/perth-kinross/overnight-crew-member/pdx-mc-de0b1fb1-d1c4-4378-96ea-4354c369c323-116274",1,1,0,0,Perth & Kinross
"/job-search/restaurant-377@56.4066985,-3.4463363/perth-kinross/overnight-crew-member/pdx-mc-de0b1fb1-d1c4-4378-96ea-4354c369c323-116275",1,1,0,0,Perth & Kinross
"/job-search/restaurant-377@56.4066985,-3.4463363/perth-kinross/customer-care/pdx-mc-8114629e-8df5-4ec3-932c-ed15a87dcfa2-116275",1,1,0,0,Perth & Kinross
"/job-search/restaurant-1273@56.3882964,-3.4857804/perth-kinross/overnight-crew-member/pdx-mc-d9f88783-2251-4a28-b3b7-ef277a2f6f80-116274",1,1,0,0,Perth & Kinross
"/job-search/restaurant-1230@55.8050685,-4.340778/glasgow/crew-member/pdx-mc-8928a65e-8a6f-45a1-9e84-48d383b9cc1e-77489",1,1,0,0,Glasgow
"/job-search/restaurant-1466@55.8188583,-4.3435382/glasgow/crew-member/pdx-mc-8928a65e-8a6f-45a1-9e84-48d383b9cc1e-77490",1,1,0,0,Glasgow
"/job-search/restaurant-1114@55.8087553,-4.3145485/renfrewshire/crew-member/pdx-mc-8928a65e-8a6f-45a1-9e84-48d383b9cc1e-77491",1,1,0,0,Renfrewshire
"/job-search/restaurant-1692@55.8077198,-4.3779357/glasgow/crew-member/pdx-mc-8928a65e-8a6f-45a1-9e84-48d383b9cc1e-81056",1,1,0,0,Glasgow
"/job-search/restaurant-1230@55.8050685,-4.340778/glasgow/customer-care/pdx-mc-86668259-d103-47e4-bf7e-3b7cb6c2464e-77489",1,0,1,0,Glasgow
"/job-search/restaurant-1466@55.8188583,-4.3435382/glasgow/customer-care/pdx-mc-86668259-d103-47e4-bf7e-3b7cb6c2464e-77490",1,1,0,0,Glasgow
"/job-search/restaurant-1114@55.8087553,-4.3145485/renfrewshire/customer-care/pdx-mc-86668259-d103-47e4-bf7e-3b7cb6c2464e-77491",1,0,1,0,Renfrewshire
"/job-search/restaurant-772@55.9317011,-4.3169557/glasgow/customer-care/pdx-mc-86668259-d103-47e4-bf7e-3b7cb6c2464e-77493",1,0,1,0,Glasgow
"/job-search/restaurant-1692@55.8077198,-4.3779357/glasgow/customer-care/pdx-mc-86668259-d103-47e4-bf7e-3b7cb6c2464e-81056",1,0,1,0,Glasgow
"/job-search/restaurant-1114@55.8087553,-4.3145485/renfrewshire/maintenance-person/pdx-mc-0335a77f-1aec-4d30-a5b9-92f7c5a3c7a0-77491",1,1,0,0,Renfrewshire
"/job-search/restaurant-1230@55.8050685,-4.340778/glasgow/overnight-crew-member/pdx-mc-e95365a6-6a3f-485f-95ff-323a2c8b6c05-77489",1,1,0,0,Glasgow
"/job-search/restaurant-694@55.8597097,-4.3136808/glasgow/overnight-crew-member/pdx-mc-e95365a6-6a3f-485f-95ff-323a2c8b6c05-77492",1,1,0,0,Glasgow
"/job-search/restaurant-772@55.9317011,-4.3169557/glasgow/overnight-crew-member/pdx-mc-e95365a6-6a3f-485f-95ff-323a2c8b6c05-77493",1,0,1,0,Glasgow
"/job-search/restaurant-745@55.8573311,-4.4151925/renfrewshire/overnight-crew-member/pdx-mc-5158fb14-a4f1-49e4-b594-22dab2cd091b-77740",1,0,1,0,Renfrewshire
"/job-search/restaurant-828@51.523288,0.552249/essex/crew-member/pdx-mc-42c790e6-5620-4a8f-9e0a-0a2f803fd6dc-77494",1,0,1,0,Essex
"/job-search/restaurant-1268@51.55255,0.6092434/essex/crew-member/pdx-mc-42c790e6-5620-4a8f-9e0a-0a2f803fd6dc-77495",1,0,1,0,Essex
"/job-search/restaurant-628@51.56431,0.5054985/essex/crew-member/pdx-mc-42c790e6-5620-4a8f-9e0a-0a2f803fd6dc-77496",1,0,1,0,Essex
"/job-search/restaurant-855@51.5754261,0.602608/essex/crew-member/pdx-mc-42c790e6-5620-4a8f-9e0a-0a2f803fd6dc-77497",1,0,1,0,Essex
"/job-search/restaurant-2526@51.566542,0.504066/essex/crew-member/pdx-mc-42c790e6-5620-4a8f-9e0a-0a2f803fd6dc-105508",1,0,1,0,Essex
"/job-search/restaurant-828@51.523288,0.552249/essex/customer-care/pdx-mc-fd4304b7-d047-4ff4-8d41-afa4f9cb54ef-77494",1,0,1,0,Essex
"/job-search/restaurant-628@51.56431,0.5054985/essex/customer-care/pdx-mc-fd4304b7-d047-4ff4-8d41-afa4f9cb54ef-77496",1,0,1,0,Essex
"/job-search/restaurant-2526@51.566542,0.504066/essex/customer-care/pdx-mc-fd4304b7-d047-4ff4-8d41-afa4f9cb54ef-105508",1,0,1,0,Essex
"/job-search/restaurant-828@51.523288,0.552249/essex/maintenance-person/pdx-mc-35d825de-8e8e-4506-b2e4-b55a8f4a67a6-77494",1,0,1,0,Essex
"/job-search/restaurant-855@51.5754261,0.602608/essex/overnight-crew-member/pdx-mc-8158d8a1-ffb1-4d29-bc50-246ee1908b3e-77497",1,0,1,0,Essex
"/job-search/restaurant-1072@54.1915804,-6.3490609/county-down/crew-member/pdx-mc-e111aedd-8858-4f44-8743-67ddcb273a5f-77509",1,1,0,0,County Down
"/job-search/restaurant-795@54.421983,-6.4396039/county-armagh/crew-member/pdx-mc-e111aedd-8858-4f44-8743-67ddcb273a5f-77510",1,1,0,0,County Armagh
"/job-search/restaurant-497@54.492056,-6.060879/county-antrim/crew-member/pdx-mc-e111aedd-8858-4f44-8743-67ddcb273a5f-77512",1,1,0,0,County Antrim
"/job-search/restaurant-497@54.492056,-6.060879/county-antrim/customer-care/pdx-mc-9c5bda3a-a1ba-4022-ace2-9f4814003c60-77512",1,1,0,0,County Antrim
"/job-search/restaurant-497@54.492056,-6.060879/county-antrim/overnight-crew-member/pdx-mc-30eca7be-782a-43d2-a115-09be67bb35ea-77512",1,1,0,0,County Antrim
"/job-search/restaurant-795@54.421983,-6.4396039/county-armagh/crew-member/pdx-mc-7259a357-e3f3-47fc-a26e-fef12bf25703-77510",1,0,1,0,County Armagh
"/job-search/restaurant-1645@53.4918489,-1.2581253/south-yorkshire/customer-care/pdx-mc-2e115055-f532-4e86-bba7-2ddaa4f55be4-77528",1,1,0,0,South Yorkshire
"/job-search/restaurant-1795@53.3738866,-1.2231255/south-yorkshire/customer-care/pdx-mc-2e115055-f532-4e86-bba7-2ddaa4f55be4-109618",1,1,0,0,South Yorkshire
"/job-search/restaurant-1055@53.4096438,-1.3616768/south-yorkshire/maintenance-person/pdx-mc-74aac471-f254-43e9-bf85-e521df6024d0-77743",1,1,0,0,South Yorkshire
"/job-search/restaurant-1645@53.4918489,-1.2581253/south-yorkshire/crew-member/pdx-mc-9b365228-e0be-4889-aa4a-0b44f1c88373-77528",1,1,0,0,South Yorkshire
"/job-search/restaurant-1795@53.3738866,-1.2231255/south-yorkshire/crew-member/pdx-mc-9b365228-e0be-4889-aa4a-0b44f1c88373-109618",1,1,0,0,South Yorkshire
"/job-search/restaurant-1645@53.4918489,-1.2581253/south-yorkshire/customer-care/pdx-mc-832f29e8-da67-4dd1-92d1-35db83658ef9-77528",1,0,1,0,South Yorkshire
"/job-search/restaurant-1586@53.2271405,-0.5408741/lincolnshire/crew-member/pdx-mc-587995ac-9f5d-4219-8988-759f82660be8-77535",1,0,1,0,Lincolnshire
"/job-search/restaurant-1081@53.1766813,-0.6208882/lincolnshire/crew-member/pdx-mc-587995ac-9f5d-4219-8988-759f82660be8-77536",1,0,1,0,Lincolnshire
"/job-search/restaurant-463@53.2035949,-0.5807538/lincolnshire/crew-member/pdx-mc-587995ac-9f5d-4219-8988-759f82660be8-77537",1,0,1,0,Lincolnshire
"/job-search/restaurant-1773@53.2928478,-0.5171157/lincoln/crew-member/pdx-mc-587995ac-9f5d-4219-8988-759f82660be8-99614",1,0,1,0,Lincoln
"/job-search/restaurant-843@53.3098436,-1.1441502/nottinghamshire/crew-member/pdx-mc-587995ac-9f5d-4219-8988-759f82660be8-119022",1,0,1,0,Nottinghamshire
"/job-search/restaurant-1773@53.2928478,-0.5171157/lincoln/crew-member/pdx-mc-3c88b5d0-ac51-4644-a902-85c37a1e57e9-99614",1,0,1,0,Lincoln
"/job-search/restaurant-732@51.5542515,-0.1139656/london/customer-care/pdx-mc-89fbb73b-883e-4237-bac6-e76ea8f2c672-123728",1,1,0,0,London
"/job-search/restaurant-1067@51.5968938,-0.1086684/london/work-experience/pdx-mc-a7a5b391-b940-43c4-be54-bd503fd2f32d-77567",1,0,0,1,London
"/job-search/restaurant-21@51.5912775,-0.1045227/london/work-experience/pdx-mc-a7a5b391-b940-43c4-be54-bd503fd2f32d-77744",1,0,0,1,London
"/job-search/restaurant-856@51.6110365,-0.1431212/london/overnight-crew-member/pdx-mc-0b9de84f-b482-4117-aee5-a17f244442bb-89556",1,1,0,0,London
"/job-search/restaurant-1073@51.564993,0.1037007/essex/crew-member/pdx-mc-b3d40e1c-4e9e-4f49-aa75-a41f5d77fd3e-109705",1,1,0,0,Essex
"/job-search/restaurant-1581@52.5353849,-1.4111856/leicestershire/crew-member/pdx-mc-88649b3b-d367-419e-804e-1668d91654a1-77582",1,0,1,0,Leicestershire
"/job-search/restaurant-977@52.5564017,-1.3753251/leicestershire/crew-member/pdx-mc-88649b3b-d367-419e-804e-1668d91654a1-77583",1,0,1,0,Leicestershire
"/job-search/restaurant-977@52.5564017,-1.3753251/leicestershire/customer-care/pdx-mc-9746d67a-bd3f-467d-a895-43f7ac8e7dec-77583",1,1,0,0,Leicestershire
"/job-search/restaurant-1566@51.4397207,-0.245695/london/crew-member/pdx-mc-6bdc9d47-a785-482e-8b50-74edfc1f6732-107202",1,1,0,0,London
"/job-search/restaurant-771@50.5245781,-3.5940312/devon/crew-member/pdx-mc-18e02d9a-af89-4ee6-a79b-374f840bccc0-77607",1,1,0,0,Devon
"/job-search/restaurant-1330@50.4206204,-3.5946274/devon/crew-member/pdx-mc-18e02d9a-af89-4ee6-a79b-374f840bccc0-77608",1,1,0,0,Devon
"/job-search/restaurant-1640@50.4707759,-4.7041558/cornwall/crew-member/pdx-mc-18e02d9a-af89-4ee6-a79b-374f840bccc0-78269",1,0,1,0,Cornwall
"/job-search/restaurant-771@50.5245781,-3.5940312/devon/customer-care-new-restaurant-opening/pdx-mc-4f5ba5a3-5e55-49ed-9108-60bc5b07db9f-77607",1,1,0,0,Devon
"/job-search/restaurant-1098@50.4830931,-3.5480696/devon/customer-care/pdx-mc-4f5ba5a3-5e55-49ed-9108-60bc5b07db9f-77609",1,1,0,0,Devon
"/job-search/restaurant-1098@50.4830931,-3.5480696/devon/customer-experience-leader/pdx-mc-1b7680cb-f983-4594-8b9a-645cf749beb3-77609",1,1,0,0,Devon
"/job-search/restaurant-771@50.5245781,-3.5940312/devon/maintenance-person/pdx-mc-a7e8d7a0-8cb4-4ef5-8e80-18a755364a34-77607",1,1,0,0,Devon
"/job-search/restaurant-1640@50.4707759,-4.7041558/cornwall/maintenance-person/pdx-mc-a7e8d7a0-8cb4-4ef5-8e80-18a755364a34-78269",1,0,1,0,Cornwall
"/job-search/restaurant-1330@50.4206204,-3.5946274/devon/overnight-crew-member/pdx-mc-37e5c153-d592-4479-ae0f-b8758422ceff-77608",1,1,0,0,Devon
"/job-search/restaurant-610@50.3771578,-4.9460205/cornwall/work-experience/pdx-mc-430624f6-1a70-4137-aa30-c1f6d012c1f0-77605",1,0,0,1,Cornwall
"/job-search/restaurant-610@50.3771578,-4.9460205/cornwall/crew-member/pdx-mc-dc52c1ec-afea-48b7-ba72-cfefc923c64c-77605",1,0,1,0,Cornwall
"/job-search/restaurant-771@50.5245781,-3.5940312/devon/crew-member/pdx-mc-dc52c1ec-afea-48b7-ba72-cfefc923c64c-77607",1,1,0,0,Devon
"/job-search/restaurant-771@50.5245781,-3.5940312/devon/crew-member-new-restaurant-opening/pdx-mc-b7af46d7-44ff-48fd-b829-b28b907a62db-77607",1,1,0,0,Devon
"/job-search/restaurant-278@53.869267,-1.7041038/west-yorkshire/customer-care/pdx-mc-f113045e-4fc5-4553-890d-58ec307d7e7c-77616",1,1,0,0,West Yorkshire
"/job-search/restaurant-1409@51.9833118,-0.6775093/buckingham/crew-member/pdx-mc-6ff78a36-5045-481c-961b-9a7f91cffc84-77619",1,1,0,0,Buckingham
"/job-search/restaurant-1538@52.0604516,-0.8047208/buckingham/crew-member/pdx-mc-6ff78a36-5045-481c-961b-9a7f91cffc84-77620",1,1,0,0,Buckingham
"/job-search/restaurant-1626@52.0578943,-0.7693367/milton-keynes/crew-member/pdx-mc-6ff78a36-5045-481c-961b-9a7f91cffc84-77621",1,0,1,0,Milton Keynes
"/job-search/restaurant-582@52.0057559,-0.7926377/milton-keynes/crew-member/pdx-mc-6ff78a36-5045-481c-961b-9a7f91cffc84-77624",1,1,0,0,Milton Keynes
"/job-search/restaurant-1409@51.9833118,-0.6775093/buckingham/customer-care/pdx-mc-6754654b-76e5-49e8-92b3-1b0e47c46751-77619",1,1,0,0,Buckingham
"/job-search/restaurant-34@52.0424343,-0.7579874/buckingham/customer-care/pdx-mc-6754654b-76e5-49e8-92b3-1b0e47c46751-77622",1,1,0,0,Buckingham
"/job-search/restaurant-582@52.0057559,-0.7926377/milton-keynes/customer-care/pdx-mc-6754654b-76e5-49e8-92b3-1b0e47c46751-77624",1,1,0,0,Milton Keynes
"/job-search/restaurant-1538@52.0604516,-0.8047208/buckingham/overnight-crew-member/pdx-mc-8fe0627a-0ca2-4d8e-a56f-d5df71de0386-77620",1,1,0,0,Buckingham
"/job-search/restaurant-1626@52.0578943,-0.7693367/milton-keynes/overnight-crew-member/pdx-mc-8fe0627a-0ca2-4d8e-a56f-d5df71de0386-77621",1,1,0,0,Milton Keynes
"/job-search/restaurant-582@52.0057559,-0.7926377/milton-keynes/overnight-crew-member/pdx-mc-8fe0627a-0ca2-4d8e-a56f-d5df71de0386-77624",1,1,0,0,Milton Keynes
"/job-search/restaurant-582@52.0057559,-0.7926377/milton-keynes/crew-member/pdx-mc-6aa97d43-4f80-4050-827b-c612da6c8038-77624",1,0,1,0,Milton Keynes
"/job-search/restaurant-582@52.0057559,-0.7926377/milton-keynes/customer-care/pdx-mc-880c9c4b-ae8c-42dc-8fa8-0c73bef63faa-77624",1,0,1,0,Milton Keynes
"/job-search/restaurant-1193@50.2642289,-5.1032951/cornwall/crew-member/pdx-mc-cba2aba9-a946-43c2-a279-ec4d3060ef77-77637",1,1,0,0,Cornwall
"/job-search/restaurant-940@52.7993628,-0.119901/lincolnshire/customer-experience-leader/pdx-mc-1cd276dd-0d9d-4143-9e36-0b56c3d5a5b7-77644",1,1,0,0,Lincolnshire
"/job-search/restaurant-940@52.7993628,-0.119901/lincolnshire/work-experience/pdx-mc-2c5dcea0-072b-4def-941f-3beda8d314a9-77644",1,0,0,1,Lincolnshire
"/job-search/restaurant-1255@51.6149125,-1.6366099/wiltshire/watchfield-part-time-evenings-and-weekend-hours/pdx-mc-ef16d3df-0179-43ef-b581-715756afecc7-78155",1,0,0,0,Wiltshire
"/job-search/restaurant-591@51.5709423,-1.7552505/wiltshire/swindon-greenbridge-full-time-fully-flexible-hours-monday-to-sunday/pdx-mc-339829a3-9a75-4faa-8bef-2320c772d89b-78149",1,0,0,0,Wiltshire
"/job-search/restaurant-1537@51.8907776,-1.161071/oxfordshire/bicester-lakeview-drive-full-time-monday-sunday/pdx-mc-226a29a2-4c4c-481a-a279-782b2869da00-77649",1,0,0,0,Oxfordshire
"/job-search/restaurant-1537@51.8907776,-1.161071/oxfordshire/bicester-lakeview-drive-part-time-weekend-saturday-sunday-morning-crew-member-6am-starts/pdx-mc-086799a7-2d55-454b-8bfb-bcba60f8203c-77649",1,0,0,0,Oxfordshire
"/job-search/restaurant-1537@51.8907776,-1.161071/oxfordshire/bicester-lakeview-drive-part-time-weekend-saturday-sunday-evening-crew-member-4pm-starts/pdx-mc-bf409481-9b4a-47aa-a720-0dad0e41138b-77649",1,0,0,0,Oxfordshire
"/job-search/restaurant-1524@51.9607203,-1.2020699/oxfordshire/crew-member/pdx-mc-3126e9d6-63e1-41c4-a586-935b20078717-77648",1,0,1,0,Oxfordshire
"/job-search/restaurant-1620@52.2604688,-1.6114007/warwickshire/crew-member/pdx-mc-3126e9d6-63e1-41c4-a586-935b20078717-77650",1,0,1,0,Warwickshire
"/job-search/restaurant-115@51.2462714,-1.9922127/wiltshire/crew-member/pdx-mc-3126e9d6-63e1-41c4-a586-935b20078717-78150",1,0,1,0,Wiltshire
"/job-search/restaurant-1353@51.5976973,-1.8091731/wiltshire/crew-member/pdx-mc-3126e9d6-63e1-41c4-a586-935b20078717-78153",1,0,1,0,Wiltshire
"/job-search/restaurant-1443@51.2462714,-1.9922127/wiltshire/crew-member/pdx-mc-3126e9d6-63e1-41c4-a586-935b20078717-78154",1,0,1,0,Wiltshire
"/job-search/restaurant-1524@51.9607203,-1.2020699/oxfordshire/customer-care/pdx-mc-44ace494-3686-4a39-8c9e-ba8ce195ac4f-77648",1,0,1,0,Oxfordshire
"/job-search/restaurant-115@51.2462714,-1.9922127/wiltshire/customer-care/pdx-mc-44ace494-3686-4a39-8c9e-ba8ce195ac4f-78150",1,0,1,0,Wiltshire
"/job-search/restaurant-1443@51.2462714,-1.9922127/wiltshire/customer-care/pdx-mc-44ace494-3686-4a39-8c9e-ba8ce195ac4f-78154",1,1,0,0,Wiltshire
"/job-search/restaurant-1255@51.6149125,-1.6366099/wiltshire/customer-care/pdx-mc-44ace494-3686-4a39-8c9e-ba8ce195ac4f-78155",1,0,1,0,Wiltshire
"/job-search/restaurant-1620@52.2604688,-1.6114007/warwickshire/maintenance-person/pdx-mc-3fe433b5-2982-4c64-b781-ed8f9a71bbc0-77650",1,1,0,0,Warwickshire
"/job-search/restaurant-922@51.7059563,-1.9524968/gloucestershire/maintenance-person/pdx-mc-3fe433b5-2982-4c64-b781-ed8f9a71bbc0-78148",1,0,1,0,Gloucestershire
"/job-search/restaurant-1255@51.6149125,-1.6366099/wiltshire/overnight-crew-member/pdx-mc-c0ae8ac5-8248-4b14-a5f6-f6574e8217d0-78155",1,1,0,0,Wiltshire
"/job-search/restaurant-922@51.7059563,-1.9524968/gloucestershire/crew-member/pdx-mc-014d12d0-d605-4b9f-aa65-3ba6d80524bc-78148",1,0,1,0,Gloucestershire
"/job-search/restaurant-922@51.7059563,-1.9524968/gloucestershire/overnight-crew-member/pdx-mc-eaa896fb-5eae-4a4e-a26d-b5e1b6d1a43d-78148",1,0,1,0,Gloucestershire
"/job-search/restaurant-1443@51.2462714,-1.9922127/wiltshire/overnight-crew-member/pdx-mc-eaa896fb-5eae-4a4e-a26d-b5e1b6d1a43d-78154",1,1,0,0,Wiltshire
"/job-search/restaurant-929@52.6808477,-2.4524016/shropshire/crew-member/pdx-mc-b3afca5c-d83c-4dc4-b217-d42f50538ea5-122981",1,1,0,0,Shropshire
"/job-search/restaurant-71@52.6762254,-2.4455806/shropshire/work-experience/pdx-mc-74c74fe6-16d6-4c29-8e9d-b560ad4a1e37-77660",1,0,0,1,Shropshire
"/job-search/restaurant-929@52.6808477,-2.4524016/shropshire/overnight-crew-member/pdx-mc-638f2a2e-85c1-4085-ae88-6abea8bda69e-122981",1,1,0,0,Shropshire
"/job-search/restaurant-929@52.6808477,-2.4524016/shropshire/customer-care/pdx-mc-cb6148ef-c09d-40d2-ab70-e2d216b41b20-122981",1,1,0,0,Shropshire
"/job-search/restaurant-416@52.6332808,-1.1341754/leicestershire/crew-member/pdx-mc-1932c7f0-5f39-441c-ab92-f1711a76288d-77664",1,1,0,0,Leicestershire
"/job-search/restaurant-1302@52.6477164,-1.067325/leicestershire/crew-member/pdx-mc-1932c7f0-5f39-441c-ab92-f1711a76288d-77665",1,0,1,0,Leicestershire
"/job-search/restaurant-151@52.6363837,-1.1339234/leicestershire/crew-member/pdx-mc-1932c7f0-5f39-441c-ab92-f1711a76288d-77666",1,1,0,0,Leicestershire
"/job-search/restaurant-1646@52.6213899,-1.1320886/leicestershire/crew-member/pdx-mc-1932c7f0-5f39-441c-ab92-f1711a76288d-77667",1,0,1,0,Leicestershire
"/job-search/restaurant-461@52.659871,-1.1329101/leicestershire/crew-member/pdx-mc-1932c7f0-5f39-441c-ab92-f1711a76288d-105711",1,0,1,0,Leicestershire
"/job-search/restaurant-1774@52.7609509,-1.2861901/loughborough/crew-member/pdx-mc-1932c7f0-5f39-441c-ab92-f1711a76288d-107306",1,1,0,0,Loughborough
"/job-search/restaurant-1696@52.7401228,-1.1405925/leicestershire/crew-member/pdx-mc-1932c7f0-5f39-441c-ab92-f1711a76288d-121020",1,1,0,0,Leicestershire
"/job-search/restaurant-780@52.5882494,-1.1034979/leicestershire/crew-member/pdx-mc-1932c7f0-5f39-441c-ab92-f1711a76288d-123723",1,1,0,0,Leicestershire
"/job-search/restaurant-1691@52.5886241,-1.1042864/leicestershire/crew-member/pdx-mc-1932c7f0-5f39-441c-ab92-f1711a76288d-123724",1,1,0,0,Leicestershire
"/job-search/restaurant-1302@52.6477164,-1.067325/leicestershire/customer-care/pdx-mc-a0456527-c4d8-4c4c-9936-26b51afd964a-77665",1,1,0,0,Leicestershire
"/job-search/restaurant-461@52.659871,-1.1329101/leicestershire/customer-care/pdx-mc-a0456527-c4d8-4c4c-9936-26b51afd964a-105711",1,1,0,0,Leicestershire
"/job-search/restaurant-1774@52.7609509,-1.2861901/loughborough/customer-care/pdx-mc-a0456527-c4d8-4c4c-9936-26b51afd964a-107306",1,0,1,0,Loughborough
"/job-search/restaurant-1696@52.7401228,-1.1405925/leicestershire/customer-care/pdx-mc-a0456527-c4d8-4c4c-9936-26b51afd964a-121020",1,1,0,0,Leicestershire
"/job-search/restaurant-780@52.5882494,-1.1034979/leicestershire/customer-care/pdx-mc-a0456527-c4d8-4c4c-9936-26b51afd964a-123723",1,1,0,0,Leicestershire
"/job-search/restaurant-780@52.5882494,-1.1034979/leicestershire/maintenance-person/pdx-mc-d41c0ce8-546b-456b-8ac2-dfc78a739e6f-123723",1,1,0,0,Leicestershire
"/job-search/restaurant-1691@52.5886241,-1.1042864/leicestershire/maintenance-person/pdx-mc-d41c0ce8-546b-456b-8ac2-dfc78a739e6f-123724",1,0,1,0,Leicestershire
"/job-search/restaurant-1696@52.7401228,-1.1405925/leicestershire/overnight-crew-member/pdx-mc-01d0018a-ad9a-413c-8be8-ddd86351726b-121020",1,1,0,0,Leicestershire
"/job-search/restaurant-416@52.6332808,-1.1341754/leicestershire/shift-leader/pdx-mc-c6e8810c-4b6b-4674-94c6-17750700a0b5-77664",1,1,0,0,Leicestershire
"/job-search/restaurant-1302@52.6477164,-1.067325/leicestershire/shift-leader/pdx-mc-c6e8810c-4b6b-4674-94c6-17750700a0b5-77665",1,1,0,0,Leicestershire
"/job-search/restaurant-151@52.6363837,-1.1339234/leicestershire/shift-leader/pdx-mc-c6e8810c-4b6b-4674-94c6-17750700a0b5-77666",1,1,0,0,Leicestershire
"/job-search/restaurant-1646@52.6213899,-1.1320886/leicestershire/shift-leader/pdx-mc-c6e8810c-4b6b-4674-94c6-17750700a0b5-77667",1,1,0,0,Leicestershire
"/job-search/restaurant-461@52.659871,-1.1329101/leicestershire/shift-leader/pdx-mc-c6e8810c-4b6b-4674-94c6-17750700a0b5-105711",1,1,0,0,Leicestershire
"/job-search/restaurant-1774@52.7609509,-1.2861901/loughborough/shift-leader/pdx-mc-c6e8810c-4b6b-4674-94c6-17750700a0b5-107306",1,1,0,0,Loughborough
"/job-search/restaurant-1696@52.7401228,-1.1405925/leicestershire/shift-leader/pdx-mc-c6e8810c-4b6b-4674-94c6-17750700a0b5-121020",1,1,0,0,Leicestershire
"/job-search/restaurant-780@52.5882494,-1.1034979/leicestershire/shift-leader/pdx-mc-c6e8810c-4b6b-4674-94c6-17750700a0b5-123723",1,1,0,0,Leicestershire
"/job-search/restaurant-1691@52.5886241,-1.1042864/leicestershire/shift-leader/pdx-mc-c6e8810c-4b6b-4674-94c6-17750700a0b5-123724",1,1,0,0,Leicestershire
"/job-search/restaurant-151@52.6363837,-1.1339234/leicestershire/customer-care/pdx-mc-941ec916-9b44-4efb-b69f-ae2f108a3dfa-77666",1,1,0,0,Leicestershire
"/job-search/restaurant-416@52.6332808,-1.1341754/leicestershire/overnight-crew-member/pdx-mc-ef253f07-e965-44d9-89cf-833f7a4edcae-77664",1,1,0,0,Leicestershire
"/job-search/restaurant-1696@52.7401228,-1.1405925/leicestershire/overnight-crew-member/pdx-mc-ef253f07-e965-44d9-89cf-833f7a4edcae-121020",1,1,0,0,Leicestershire
"/job-search/restaurant-780@52.5882494,-1.1034979/leicestershire/overnight-crew-member/pdx-mc-ef253f07-e965-44d9-89cf-833f7a4edcae-123723",1,1,0,0,Leicestershire
"/job-search/restaurant-508@55.9557891,-3.1599044/edinburgh/crew-member/pdx-mc-4e0b2dc3-3917-4be3-93ef-64151960afe5-77670",1,0,1,0,Edinburgh
"/job-search/restaurant-1210@55.9527511,-3.1907388/edinburgh/crew-member/pdx-mc-4e0b2dc3-3917-4be3-93ef-64151960afe5-82789",1,0,1,0,Edinburgh
"/job-search/restaurant-875@55.9534012,-3.1914194/edinburgh/crew-member/pdx-mc-4e0b2dc3-3917-4be3-93ef-64151960afe5-82790",1,0,1,0,Edinburgh
"/job-search/restaurant-1243@55.9686811,-3.1423658/edinburgh/crew-member/pdx-mc-4e0b2dc3-3917-4be3-93ef-64151960afe5-117432",1,0,1,0,Edinburgh
"/job-search/restaurant-1478@55.9899993,-2.5117086/east-lothian/crew-member/pdx-mc-4e0b2dc3-3917-4be3-93ef-64151960afe5-120887",1,0,1,0,East Lothian
"/job-search/restaurant-508@55.9557891,-3.1599044/edinburgh/customer-care/pdx-mc-8dc97eb2-ff7f-4f40-b058-9afa3e991bed-77670",1,1,0,0,Edinburgh
"/job-search/restaurant-1243@55.9686811,-3.1423658/edinburgh/customer-care/pdx-mc-8dc97eb2-ff7f-4f40-b058-9afa3e991bed-117432",1,0,1,0,Edinburgh
"/job-search/restaurant-1478@55.9899993,-2.5117086/east-lothian/overnight-crew-member/pdx-mc-66ab0fea-d806-40c6-a4ca-5d60013e1569-120887",1,1,0,0,East Lothian
"/job-search/restaurant-1478@55.9899993,-2.5117086/east-lothian/customer-care/pdx-mc-61b2b491-06ee-465a-9de2-12bcea15d2bd-120887",1,0,1,0,East Lothian
"/job-search/restaurant-47@51.5796891,-0.3342305/london/crew-member/pdx-mc-46e39dec-f2e1-4541-8ebb-324be2df37c4-77673",1,1,0,0,London
"/job-search/restaurant-340@51.555877,-0.2139416/london/crew-member/pdx-mc-46e39dec-f2e1-4541-8ebb-324be2df37c4-115868",1,1,0,0,London
"/job-search/restaurant-779@51.5516452,-0.2617242/london/customer-care/pdx-mc-52427bcd-5558-47f2-bd11-4326a82db458-78616",1,0,1,0,London
"/job-search/restaurant-47@51.5796891,-0.3342305/london/overnight-crew-member/pdx-mc-2a6e99e5-5e9d-44e0-a041-9ab6076916d1-77673",1,1,0,0,London
"/job-search/restaurant-1613@52.4699878,1.7428143/suffolk/crew-member/pdx-mc-19ab3bf8-a71f-4538-a21e-ed299ca0cb79-77678",1,0,1,0,Suffolk
"/job-search/restaurant-1560@52.1868268,1.0093056/suffolk/crew-member/pdx-mc-19ab3bf8-a71f-4538-a21e-ed299ca0cb79-123591",1,1,0,0,Suffolk
"/job-search/restaurant-1560@52.1868268,1.0093056/suffolk/customer-care/pdx-mc-f84a04f5-a1a4-4eb8-949f-9adef57cfd60-123591",1,1,0,0,Suffolk
"/job-search/restaurant-865@52.4473686,1.7270661/suffolk/maintenance-person/pdx-mc-103e6de9-b118-4376-94d5-50b0b91a68d6-77679",1,0,1,0,Suffolk
"/job-search/restaurant-1613@52.4699878,1.7428143/suffolk/overnight-crew-member/pdx-mc-e001a64d-abb0-47a1-9596-970c1ec0e4f9-77678",1,1,0,0,Suffolk
"/job-search/restaurant-1560@52.1868268,1.0093056/suffolk/overnight-crew-member/pdx-mc-e001a64d-abb0-47a1-9596-970c1ec0e4f9-123591",1,1,0,0,Suffolk
"/job-search/restaurant-1656@50.6325706,-2.4606636/dorset/work-experience/pdx-mc-85dd1497-4b69-4e9a-934c-c391344a80e3-78513",1,0,0,1,Dorset
"/job-search/restaurant-630@53.2630204,-2.8824827/wirral/customer-care/pdx-mc-ac9a4348-6038-4222-86f1-b57b55fed44b-81892",1,1,0,0,Wirral
"/job-search/restaurant-1199@53.3814713,-2.9546243/merseyside/work-experience/pdx-mc-9ef3a4cc-3c6b-401d-b6f9-232c4bb366af-97318",1,0,0,1,Merseyside
"/job-search/restaurant-1399@51.2129579,-1.5190683/hampshire/overnight-crew-member/pdx-mc-c58924e3-402e-473b-876a-531cfc9218d8-77693",1,1,0,0,Hampshire
"/job-search/restaurant-1418@51.1763255,-1.7591256/wiltshire/crew-member/pdx-mc-b74ae015-1f48-4911-a666-d3c4e02ee860-77692",1,1,0,0,Wiltshire
"/job-search/restaurant-1399@51.2129579,-1.5190683/hampshire/customer-care/pdx-mc-fad35844-2b83-4373-8645-d4a24c7b1022-77693",1,1,0,0,Hampshire
"/job-search/restaurant-1605@51.0481321,-2.4253193/somerset/customer-care/pdx-mc-fad35844-2b83-4373-8645-d4a24c7b1022-77696",1,1,0,0,Somerset
"/job-search/restaurant-1418@51.1763255,-1.7591256/wiltshire/overnight-crew-member/pdx-mc-7970c3e7-e05e-48a9-8a77-a4eab920070a-77692",1,1,0,0,Wiltshire
"/job-search/restaurant-1399@51.2129579,-1.5190683/hampshire/crew-member/pdx-mc-b03113d2-faba-43ec-9623-ca9b93f56290-77693",1,1,0,0,Hampshire
"/job-search/restaurant-1438@50.9186784,-1.4830537/hampshire/crew-member/pdx-mc-b03113d2-faba-43ec-9623-ca9b93f56290-79654",1,0,1,0,Hampshire
"/job-search/restaurant-1181@51.6968948,-0.1919457/hertfordshire/crew-member/pdx-mc-cd67ff08-2049-4ac1-a69b-0da3f9ea3f17-107104",1,1,0,0,Hertfordshire
"/job-search/restaurant-1181@51.6968948,-0.1919457/hertfordshire/overnight-crew-member/pdx-mc-b0c74899-7fdc-4be3-b690-d45d6faba3a8-107104",1,1,0,0,Hertfordshire
"/job-search/restaurant-1181@51.6968948,-0.1919457/hertfordshire/crew-member/pdx-mc-e13981d1-d2e0-494c-ba60-24acdfa31569-107104",1,1,0,0,Hertfordshire
"/job-search/restaurant-1181@51.6968948,-0.1919457/hertfordshire/overnight-crew-member/pdx-mc-d2d7b859-bd07-49ef-9bb5-56a64f066a2c-107104",1,1,0,0,Hertfordshire
"/job-search/restaurant-152@53.565179,-0.0857335/lincolnshire/crew-member/pdx-mc-3c290505-a522-4f37-bd72-e9469422694b-77710",1,1,0,0,Lincolnshire
"/job-search/restaurant-152@53.565179,-0.0857335/lincolnshire/customer-care/pdx-mc-4001daa5-2f5f-4a12-b9d3-975845bb652d-77710",1,1,0,0,Lincolnshire
"/job-search/restaurant-1231@53.5499158,-0.139272/north-lincolnshire/customer-care/pdx-mc-4001daa5-2f5f-4a12-b9d3-975845bb652d-106025",1,1,0,0,North Lincolnshire
"/job-search/restaurant-664@55.8839489,-3.5184498/west-lothian/overnight-crew-member-ft-livingston-drive-thru-1276ph-extra-2ph-between-12am-6am/pdx-mc-0eef9dbe-de5c-4a5e-9b42-ce9e6a766b16-77712",1,1,0,0,West Lothian
"/job-search/restaurant-1628@55.8679782,-3.7044457/west-lothian/crew-member/pdx-mc-4c37802f-e15a-49b5-b75c-7179ca624f14-77714",1,1,0,0,West Lothian
"/job-search/restaurant-1628@55.8679782,-3.7044457/west-lothian/customer-care/pdx-mc-6183af58-0a49-4f68-b23d-6e10e90de6ce-77714",1,1,0,0,West Lothian
"/job-search/restaurant-783@54.8655957,-6.2806691/county-antrim/crew-member/pdx-mc-e1303525-7846-4e2e-b5c1-de69796006bb-83427",1,1,0,0,County Antrim
"/job-search/restaurant-1770@54.7573089,-6.603373/county-londonderry/customer-care/pdx-mc-fb0455d8-6b76-4f27-8375-b005764b9392-105645",1,0,1,0,County Londonderry
"/job-search/restaurant-1292@50.8286704,-0.7856613/west-sussex/weekend-staff-member-part-time-friday-sunday/pdx-mc-330e0d9d-1b63-462e-b73a-3a0b99ff0f62-81372",1,1,0,0,West Sussex
"/job-search/restaurant-822@50.8420974,-0.7561649/west-sussex/weekend-staff-member-part-time-friday-sunday/pdx-mc-330e0d9d-1b63-462e-b73a-3a0b99ff0f62-81389",1,1,0,0,West Sussex
"/job-search/restaurant-1292@50.8286704,-0.7856613/west-sussex/crew-member/pdx-mc-b18dd9f5-72e8-44fc-8525-89ca6fff59bb-81372",1,1,0,0,West Sussex
"/job-search/restaurant-1269@50.9937947,-0.3463062/west-sussex/crew-member/pdx-mc-b18dd9f5-72e8-44fc-8525-89ca6fff59bb-109096",1,1,0,0,West Sussex
"/job-search/restaurant-1269@50.9937947,-0.3463062/west-sussex/crew-member-new-restaurant-opening/pdx-mc-cabac5e0-17cd-42b6-8b7c-1ea35a3b809e-109096",1,1,0,0,West Sussex
"/job-search/restaurant-1400@50.8035338,-0.666234/west-sussex/customer-care/pdx-mc-91b3d428-e199-4298-822c-f2592380e6ea-81373",1,1,0,0,West Sussex
"/job-search/restaurant-1269@50.9937947,-0.3463062/west-sussex/customer-care/pdx-mc-91b3d428-e199-4298-822c-f2592380e6ea-109096",1,1,0,0,West Sussex
"/job-search/restaurant-1400@50.8035338,-0.666234/west-sussex/maintenance-person/pdx-mc-6d44f034-a830-44a0-943e-12bafc36b95d-81373",1,1,0,0,West Sussex
"/job-search/restaurant-1269@50.9937947,-0.3463062/west-sussex/maintenance-person/pdx-mc-6d44f034-a830-44a0-943e-12bafc36b95d-109096",1,1,0,0,West Sussex
"/job-search/restaurant-1400@50.8035338,-0.666234/west-sussex/overnight-crew-member/pdx-mc-5ee76f53-0fdd-4f44-ab45-5e12d18e2532-81373",1,1,0,0,West Sussex
"/job-search/restaurant-1292@50.8286704,-0.7856613/west-sussex/work-experience/pdx-mc-7a09594a-0bb6-4ada-aac5-2ee0f27f0f97-81372",1,0,0,1,West Sussex
"/job-search/restaurant-1400@50.8035338,-0.666234/west-sussex/work-experience/pdx-mc-7a09594a-0bb6-4ada-aac5-2ee0f27f0f97-81373",1,0,0,1,West Sussex
"/job-search/restaurant-822@50.8420974,-0.7561649/west-sussex/work-experience/pdx-mc-7a09594a-0bb6-4ada-aac5-2ee0f27f0f97-81389",1,0,0,1,West Sussex
"/job-search/restaurant-919@51.9538029,-0.2703265/hertfordshire/maintenance-person/pdx-mc-42c8b18b-9a38-4e2c-9007-c7c1e1105654-77723",1,1,0,0,Hertfordshire
"/job-search/restaurant-919@51.9538029,-0.2703265/hertfordshire/customer-care/pdx-mc-727ee533-2ccc-4ff5-81cd-cab14d82d2aa-77723",1,1,0,0,Hertfordshire
"/job-search/restaurant-883@55.0128917,-1.6663099/tyne-wear/maintenance-person/pdx-mc-7b794129-22f8-4d75-b541-6887a35f137d-89770",1,1,0,0,Tyne & Wear
"/job-search/restaurant-1192@54.5736292,-1.2239766/teesside/crew-member/pdx-mc-f0a0bdd5-7db1-47ff-9521-f885a4181d37-77726",1,1,0,0,Teesside
"/job-search/restaurant-259@54.5745834,-1.237593/teesside/crew-member/pdx-mc-f0a0bdd5-7db1-47ff-9521-f885a4181d37-77727",1,0,1,0,Teesside
"/job-search/restaurant-879@54.5755073,-1.2058202/teesside/crew-member/pdx-mc-f0a0bdd5-7db1-47ff-9521-f885a4181d37-98013",1,1,0,0,Teesside
"/job-search/restaurant-447@54.5577518,-1.2774417/teesside/crew-member/pdx-mc-f0a0bdd5-7db1-47ff-9521-f885a4181d37-107775",1,0,1,0,Teesside
"/job-search/restaurant-1425@54.5400644,-1.290228/stockton-on-tees/crew-member/pdx-mc-f0a0bdd5-7db1-47ff-9521-f885a4181d37-107776",1,1,0,0,Stockton On Tees
"/job-search/restaurant-1192@54.5736292,-1.2239766/teesside/customer-care/pdx-mc-2f06bbd9-f632-4bcd-a718-5e3cae62eb74-77726",1,1,0,0,Teesside
"/job-search/restaurant-1425@54.5400644,-1.290228/stockton-on-tees/customer-care/pdx-mc-2f06bbd9-f632-4bcd-a718-5e3cae62eb74-107776",1,1,0,0,Stockton On Tees
"/job-search/restaurant-2245@54.5492383,-1.3308566/county-durham/crew-member/pdx-mc-ddd322bc-7377-41c0-a034-33bddcc708be-110341",1,0,1,0,County Durham
"/job-search/restaurant-1516@53.2632605,-2.4932918/cheshire/crew-member/pdx-mc-1f2384f0-f3f7-47e3-b395-8a24b0284697-118526",1,1,0,0,Cheshire
"/job-search/restaurant-119@51.5227316,-0.7213821/berkshire/crew-member-full-time/pdx-mc-9578a92d-d98f-42f6-8a2c-0d1be0f790d3-115870",1,1,0,0,Berkshire
"/job-search/restaurant-379@51.4628452,-0.1355172/london/crew-member/pdx-mc-7657021b-068e-4972-bb0f-4572e7eeaf70-109676",1,1,0,0,London
"/job-search/restaurant-473@54.5946101,-5.8088523/county-down/crew-member/pdx-mc-1923cc11-fd24-4757-894b-6e1a5510661a-77839",1,1,0,0,County Down
"/job-search/restaurant-473@54.5946101,-5.8088523/county-down/customer-care/pdx-mc-a0ee7d00-a97b-4a99-9b9c-530f0599a6dc-77839",1,1,0,0,County Down
"/job-search/restaurant-533@51.4483614,-2.5605116/avon/crew-member/pdx-mc-557950a9-f932-4a7b-a237-471df9667ca5-123101",1,1,0,0,Avon
"/job-search/restaurant-670@56.8221404,-5.1058348/highland/crew-member-fort-william-over-18s-1350-1390/pdx-mc-8c1147c3-da77-404d-a153-a797cfa0491c-118203",1,1,0,0,Highland
"/job-search/restaurant-670@56.8221404,-5.1058348/highland/crew-member-fort-william-under-18s-1200-1240/pdx-mc-6caf4f4d-36f2-4141-9de8-4bff0aca32aa-118203",1,1,0,0,Highland
"/job-search/restaurant-1576@57.582431,-3.8590546/nairn/crew-member/pdx-mc-2188dd92-e9e2-47ad-8dd1-7ddbac9d6ee5-77841",1,0,1,0,Nairn
"/job-search/restaurant-1493@57.4700177,-4.1892847/scotland/crew-member/pdx-mc-2188dd92-e9e2-47ad-8dd1-7ddbac9d6ee5-118204",1,1,0,0,Scotland
"/job-search/restaurant-267@57.4776672,-4.2243275/highland/crew-member/pdx-mc-2188dd92-e9e2-47ad-8dd1-7ddbac9d6ee5-118205",1,1,0,0,Highland
"/job-search/restaurant-913@57.6471426,-3.2846479/moray/crew-member/pdx-mc-4836ebc8-6e7e-49e4-9e02-cf03490c0a02-82944",1,0,1,0,Moray
"/job-search/restaurant-455@51.5000368,-0.1335046/london/crew-member/pdx-mc-89e9703a-56ea-4b16-bc64-7cb71cd3abc7-107193",1,1,0,0,London
"/job-search/restaurant-1548@52.1453741,-0.4206587/bedfordshire/crew-member/pdx-mc-b2f82e1d-8585-4406-af90-07143cefc8e6-109149",1,1,0,0,Bedfordshire
"/job-search/restaurant-1413@51.9685358,-0.2313846/hertfordshire/crew-member/pdx-mc-b2f82e1d-8585-4406-af90-07143cefc8e6-109154",1,1,0,0,Hertfordshire
"/job-search/restaurant-1413@51.9685358,-0.2313846/hertfordshire/customer-care/pdx-mc-c5a8b0bc-39c5-4b17-b277-383af86d5629-109154",1,1,0,0,Hertfordshire
"/job-search/restaurant-1413@51.9685358,-0.2313846/hertfordshire/customer-experience-leader/pdx-mc-6a966209-632d-41ae-83ad-af393d47057c-109154",1,1,0,0,Hertfordshire
"/job-search/restaurant-1548@52.1453741,-0.4206587/bedfordshire/overnight-crew-member/pdx-mc-4d91638f-3036-48d2-8fb0-ee1110ec69f6-109149",1,1,0,0,Bedfordshire
"/job-search/restaurant-1558@52.0748583,-0.2409841/bedfordshire/overnight-crew-member/pdx-mc-4d91638f-3036-48d2-8fb0-ee1110ec69f6-109152",1,1,0,0,Bedfordshire
"/job-search/restaurant-1413@51.9685358,-0.2313846/hertfordshire/overnight-crew-member/pdx-mc-4d91638f-3036-48d2-8fb0-ee1110ec69f6-109154",1,1,0,0,Hertfordshire
"/job-search/restaurant-1548@52.1453741,-0.4206587/bedfordshire/crew-member/pdx-mc-441ee473-40d0-4fd0-a574-003c26e1b1dd-109149",1,1,0,0,Bedfordshire
"/job-search/restaurant-1532@51.9790215,-0.2084917/hertfordshire/crew-member/pdx-mc-441ee473-40d0-4fd0-a574-003c26e1b1dd-109153",1,0,1,0,Hertfordshire
"/job-search/restaurant-1532@51.9790215,-0.2084917/hertfordshire/customer-care/pdx-mc-74c4ad50-b815-4f0f-8a3a-96294c3bef6c-109153",1,1,0,0,Hertfordshire
"/job-search/restaurant-1558@52.0748583,-0.2409841/bedfordshire/overnight-crew-member/pdx-mc-56f162f4-aa97-4fff-92dd-190fe73d9151-109152",1,0,1,0,Bedfordshire
"/job-search/restaurant-1532@51.9790215,-0.2084917/hertfordshire/overnight-crew-member/pdx-mc-56f162f4-aa97-4fff-92dd-190fe73d9151-109153",1,1,0,0,Hertfordshire
"/job-search/restaurant-1413@51.9685358,-0.2313846/hertfordshire/overnight-crew-member/pdx-mc-56f162f4-aa97-4fff-92dd-190fe73d9151-109154",1,1,0,0,Hertfordshire
"/job-search/restaurant-401@53.7951356,-1.6215926/west-yorkshire/crew-member-bramley-part-time/pdx-mc-ae0eb69a-fc0f-4dbc-822e-6bddb99ddfbc-78047",1,1,0,0,West Yorkshire
"/job-search/restaurant-930@53.7976433,-1.7843484/west-yorkshire/overnight-crew-member/pdx-mc-50ab6f44-f92b-4ed6-85f9-65ac000df960-78048",1,1,0,0,West Yorkshire
"/job-search/restaurant-401@53.7951356,-1.6215926/west-yorkshire/work-experience/pdx-mc-b6af5aea-41ee-4b2c-bf3b-9310a480f588-78047",1,0,0,1,West Yorkshire
"/job-search/restaurant-1262@51.4230565,-0.934903/berkshire/lower-earley-crew-member-over-18-4pm-to-1am-monday-sunday/pdx-mc-75770a59-d7db-49cc-97f7-7a85b242b757-78053",1,0,1,0,Berkshire
"/job-search/restaurant-347@51.8017148,-0.2047373/hertfordshire/welwyn-garden-city-crew-member-over-18/pdx-mc-b2a275d4-85ec-48b6-a576-4edb4f6a461e-78112",1,0,1,0,Hertfordshire
"/job-search/restaurant-703@51.9069535,-0.4575023/bedfordshire/crew-member/pdx-mc-02c70cd8-e0fd-4642-8f1a-c15deb9d2351-78051",1,0,1,0,Bedfordshire
"/job-search/restaurant-1334@51.5075185,-0.6253841/berkshire/crew-member/pdx-mc-02c70cd8-e0fd-4642-8f1a-c15deb9d2351-78056",1,0,1,0,Berkshire
"/job-search/restaurant-1339@51.4409262,-1.0603871/berkshire/crew-member/pdx-mc-02c70cd8-e0fd-4642-8f1a-c15deb9d2351-78057",1,1,0,0,Berkshire
"/job-search/restaurant-279@51.6923061,-0.3859728/hertfordshire/crew-member/pdx-mc-02c70cd8-e0fd-4642-8f1a-c15deb9d2351-78059",1,0,1,0,Hertfordshire
"/job-search/restaurant-1471@51.8906701,-0.4544234/bedfordshire/crew-member/pdx-mc-02c70cd8-e0fd-4642-8f1a-c15deb9d2351-78061",1,0,1,0,Bedfordshire
"/job-search/restaurant-88@51.879134,-0.4160872/bedfordshire/crew-member/pdx-mc-02c70cd8-e0fd-4642-8f1a-c15deb9d2351-78062",1,0,1,0,Bedfordshire
"/job-search/restaurant-102@51.4564615,-0.9745925/berkshire/crew-member/pdx-mc-02c70cd8-e0fd-4642-8f1a-c15deb9d2351-78067",1,1,0,0,Berkshire
"/job-search/restaurant-960@51.4239005,-0.9806837/berkshire/crew-member/pdx-mc-02c70cd8-e0fd-4642-8f1a-c15deb9d2351-78087",1,1,0,0,Berkshire
"/job-search/restaurant-17@51.5083644,-0.5919692/berkshire/crew-member/pdx-mc-02c70cd8-e0fd-4642-8f1a-c15deb9d2351-78088",1,0,1,0,Berkshire
"/job-search/restaurant-711@51.5202059,-0.6341906/berkshire/crew-member/pdx-mc-02c70cd8-e0fd-4642-8f1a-c15deb9d2351-78089",1,0,1,0,Berkshire
"/job-search/restaurant-1142@51.5201457,-0.6167792/berkshire/crew-member/pdx-mc-02c70cd8-e0fd-4642-8f1a-c15deb9d2351-78095",1,0,1,0,Berkshire
"/job-search/restaurant-2070@51.5225843,-0.6775531/maidenhead/crew-member/pdx-mc-02c70cd8-e0fd-4642-8f1a-c15deb9d2351-82368",1,0,1,0,Maidenhead
"/job-search/restaurant-980@51.4536968,-0.9707129/berkshire/customer-care/pdx-mc-2bb6ef15-4216-461b-9271-37f523fcf145-78065",1,1,0,0,Berkshire
"/job-search/restaurant-1339@51.4409262,-1.0603871/berkshire/overnight-crew-member/pdx-mc-57a2ca03-e0c0-47f3-a1d4-5cf8a31b35b6-78057",1,1,0,0,Berkshire
"/job-search/restaurant-1519@51.8684791,-0.4179941/bedfordshire/overnight-crew-member/pdx-mc-57a2ca03-e0c0-47f3-a1d4-5cf8a31b35b6-78063",1,0,1,0,Bedfordshire
"/job-search/restaurant-102@51.4564615,-0.9745925/berkshire/overnight-crew-member/pdx-mc-57a2ca03-e0c0-47f3-a1d4-5cf8a31b35b6-78067",1,1,0,0,Berkshire
"/job-search/restaurant-960@51.4239005,-0.9806837/berkshire/overnight-crew-member/pdx-mc-57a2ca03-e0c0-47f3-a1d4-5cf8a31b35b6-78087",1,1,0,0,Berkshire
"/job-search/restaurant-545@51.8943445,-0.1983745/hertfordshire/overnight-crew-member/pdx-mc-57a2ca03-e0c0-47f3-a1d4-5cf8a31b35b6-78093",1,1,0,0,Hertfordshire
"/job-search/restaurant-2070@51.5225843,-0.6775531/maidenhead/overnight-crew-member/pdx-mc-57a2ca03-e0c0-47f3-a1d4-5cf8a31b35b6-82368",1,0,1,0,Maidenhead
"/job-search/restaurant-279@51.6923061,-0.3859728/hertfordshire/work-experience/pdx-mc-048b7fa8-0eb2-49bb-99ac-bc54e1b70047-78059",1,0,0,1,Hertfordshire
"/job-search/restaurant-1008@51.5036496,-0.5994214/berkshire/work-experience/pdx-mc-048b7fa8-0eb2-49bb-99ac-bc54e1b70047-78090",1,0,0,1,Berkshire
"/job-search/restaurant-698@51.8995387,-0.2087241/hertfordshire/work-experience/pdx-mc-048b7fa8-0eb2-49bb-99ac-bc54e1b70047-78092",1,0,0,1,Hertfordshire
"/job-search/restaurant-1262@51.4230565,-0.934903/berkshire/crew-member/pdx-mc-ece0ba5e-e16f-4183-826b-07c7b54787f3-78053",1,1,0,0,Berkshire
"/job-search/restaurant-506@51.8876476,-0.5106131/bedfordshire/crew-member/pdx-mc-ece0ba5e-e16f-4183-826b-07c7b54787f3-78058",1,0,1,0,Bedfordshire
"/job-search/restaurant-980@51.4536968,-0.9707129/berkshire/crew-member/pdx-mc-ece0ba5e-e16f-4183-826b-07c7b54787f3-78065",1,1,0,0,Berkshire
"/job-search/restaurant-753@52.0774714,-1.938257/worcestershire/crew-member-full-time-fully-flexible-hours/pdx-mc-e8048112-2023-4454-97de-88a8325512fd-78083",1,1,0,0,Worcestershire
"/job-search/restaurant-1565@52.5251391,-1.4680362/warwickshire/crew-member-full-time-fully-flexible-hours/pdx-mc-e8048112-2023-4454-97de-88a8325512fd-78098",1,1,0,0,Warwickshire
"/job-search/restaurant-753@52.0774714,-1.938257/worcestershire/crew-member-part-time/pdx-mc-b7254e05-e943-4fee-bee6-01548c1e688e-78083",1,0,1,0,Worcestershire
"/job-search/restaurant-1565@52.5251391,-1.4680362/warwickshire/crew-member-part-time/pdx-mc-b7254e05-e943-4fee-bee6-01548c1e688e-78098",1,0,1,0,Warwickshire
"/job-search/restaurant-1565@52.5251391,-1.4680362/warwickshire/customer-care-part-time/pdx-mc-eb444c23-5a21-47aa-abe3-60e950314ad9-78098",1,0,1,0,Warwickshire
"/job-search/restaurant-1565@52.5251391,-1.4680362/warwickshire/delivery-and-stock-organisation-person-5am-12-noon-part-time/pdx-mc-22a213ba-826f-4fbc-bfb6-27b07e6aced6-78098",1,0,1,0,Warwickshire
"/job-search/restaurant-517@51.740992,-0.5307458/hertfordshire/crew-member/pdx-mc-1ebdcc2e-842d-4c7e-8a9f-0991a8aab1db-78115",1,1,0,0,Hertfordshire
"/job-search/restaurant-1552@51.7565324,-0.4373114/hemel-hempstead/crew-member/pdx-mc-1ebdcc2e-842d-4c7e-8a9f-0991a8aab1db-78116",1,1,0,0,Hemel Hempstead
"/job-search/restaurant-221@52.4813009,-2.1108646/west-midlands/crew-member/pdx-mc-5ba85b27-3eec-4faf-b042-fc89d98f8c54-78137",1,0,1,0,West Midlands
"/job-search/restaurant-221@52.4813009,-2.1108646/west-midlands/overnight-crew-member/pdx-mc-14edeadb-7949-4710-9f19-9e4bc9a49770-78137",1,1,0,0,West Midlands
"/job-search/restaurant-1007@52.4835123,-2.1102426/west-midlands/crew-member/pdx-mc-fc1a2590-799b-45b6-9f9e-a5d78fcf8cb7-78138",1,1,0,0,West Midlands
"/job-search/restaurant-1767@52.527935,-2.400723/shropshire/crew-member/pdx-mc-8a40ef46-7d73-468a-b4b7-27b3ecf0e95a-110234",1,1,0,0,Shropshire
"/job-search/restaurant-1767@52.527935,-2.400723/shropshire/customer-care/pdx-mc-f1b0e166-5881-4a27-9018-26ff06ed2047-110234",1,1,0,0,Shropshire
"/job-search/restaurant-1767@52.527935,-2.400723/shropshire/overnight-crew-member/pdx-mc-664a3f1f-19b8-4201-9eb4-d5fff16b974a-110234",1,1,0,0,Shropshire
"/job-search/restaurant-1595@53.7456967,-1.5706196/leeds/crew-member-full-time-leeds-morley-wide-lane/pdx-mc-f88b1263-2e24-446f-8899-ad7d5f8a03b2-78295",1,1,0,0,Leeds
"/job-search/restaurant-2410@53.8660861,-1.9017389/west-yorkshire/crew-member/pdx-mc-3f8e1d06-8bd3-46f6-8f32-0ca990db5304-123992",1,1,0,0,West Yorkshire
"/job-search/restaurant-1222@53.8748606,-1.9038607/west-yorkshire/crew-member-new-restaurant-opening/pdx-mc-ea8b7b21-12ac-4210-bd25-997188adc9a5-78291",1,1,0,0,West Yorkshire
"/job-search/restaurant-1286@53.9417453,-2.0148168/north-yorkshire/crew-member-new-restaurant-opening/pdx-mc-ea8b7b21-12ac-4210-bd25-997188adc9a5-78301",1,1,0,0,North Yorkshire
"/job-search/restaurant-1222@53.8748606,-1.9038607/west-yorkshire/customer-care/pdx-mc-8c041eed-ed46-419b-9af8-a1fa7773c1dc-78291",1,1,0,0,West Yorkshire
"/job-search/restaurant-2410@53.8660861,-1.9017389/west-yorkshire/customer-care/pdx-mc-8c041eed-ed46-419b-9af8-a1fa7773c1dc-123992",1,1,0,0,West Yorkshire
"/job-search/restaurant-2410@53.8660861,-1.9017389/west-yorkshire/maintenance-person/pdx-mc-dbf93a21-ae14-40b8-bcd7-ad16341fab5b-123992",1,1,0,0,West Yorkshire
"/job-search/restaurant-1222@53.8748606,-1.9038607/west-yorkshire/overnight-crew-member/pdx-mc-e9ba2518-2224-4f48-aaa3-e7161978cabe-78291",1,1,0,0,West Yorkshire
"/job-search/restaurant-2410@53.8660861,-1.9017389/west-yorkshire/overnight-crew-member/pdx-mc-e9ba2518-2224-4f48-aaa3-e7161978cabe-123992",1,1,0,0,West Yorkshire
"/job-search/restaurant-1599@51.3609699,1.4109101/kent/crew-member-flexible-hours-broadstairs-ct10-2nn/pdx-mc-c916dfea-fe09-4c0a-95a3-52295906bdf8-78308",1,1,0,0,Kent
"/job-search/restaurant-108@51.3867313,1.3813109/kent/crew-member-flexible-hours-margate-ct9-1jt/pdx-mc-1679d6fd-80cd-4deb-92c7-b07dbaf8fdaf-78316",1,1,0,0,Kent
"/job-search/restaurant-579@51.3455334,1.0684878/kent/staff-member-flexible-hours-new-store-opening-herne-bay/pdx-mc-d2aa3281-cb98-4999-86b3-217c0cb82a2a-78311",1,1,0,0,Kent
"/job-search/restaurant-1678@53.7027873,-1.6034781/west-yorkshire/customer-care/pdx-mc-7c74290f-f591-4780-9ce1-8b9638eb2175-78428",1,1,0,0,West Yorkshire
"/job-search/restaurant-1331@53.7364815,-1.609729/west-yorkshire/crew-member/pdx-mc-9db7911b-0313-40f6-829c-6d0e520c125f-107199",1,1,0,0,West Yorkshire
"/job-search/restaurant-472@53.7456824,-1.6407693/west-yorkshire/maintenance-person/pdx-mc-f0570573-4101-4211-b1fa-b306127d7a96-107200",1,1,0,0,West Yorkshire
"/job-search/restaurant-866@53.8215146,-1.4962659/west-yorkshire/customer-care/pdx-mc-d1362002-14a3-4d45-8aac-c7772a8b4649-78340",1,1,0,0,West Yorkshire
"/job-search/restaurant-472@53.7456824,-1.6407693/west-yorkshire/overnight-crew-member/pdx-mc-cf660c2a-b962-4d70-8362-15d945875d8f-107200",1,1,0,0,West Yorkshire
"/job-search/restaurant-263@51.5731194,-0.423497/london/crew-member/pdx-mc-3db000ca-0155-4749-9d8f-c89d2d606e61-78357",1,1,0,0,London
"/job-search/restaurant-15@51.4923939,-0.1935861/london/crew-member/pdx-mc-3db000ca-0155-4749-9d8f-c89d2d606e61-81376",1,1,0,0,London
"/job-search/restaurant-182@51.4590674,-2.5871682/avon/maintenance-person-stock-handler-horsefaircabot-circus-4am-start/pdx-mc-d60039b6-2df0-4e9f-87d5-f63ecc8a9d8e-78385",1,1,0,0,Avon
"/job-search/restaurant-182@51.4590674,-2.5871682/avon/cabot-circus-customer-care-part-time-evenings/pdx-mc-61fba354-edb7-4e16-b6ca-15e7e0833633-78385",1,0,1,0,Avon
"/job-search/restaurant-182@51.4590674,-2.5871682/avon/cabot-circus-customer-care-full-time-evenings/pdx-mc-565d282e-aa6b-4fbb-ac4f-05468d0713a8-78385",1,1,0,0,Avon
"/job-search/restaurant-1305@51.5409266,-2.4152051/gloucestershire/crew-member/pdx-mc-66b38e08-c170-413b-9daa-f754cad06888-78393",1,1,0,0,Gloucestershire
"/job-search/restaurant-1305@51.5409266,-2.4152051/gloucestershire/customer-care/pdx-mc-b31617f0-3d39-4932-b7b0-482a541a1955-78393",1,1,0,0,Gloucestershire
"/job-search/restaurant-562@51.529258,-2.5979823/bristol/maintenance-person/pdx-mc-5cbb212f-ac40-4d95-98fe-70fd07037cf0-78391",1,1,0,0,Bristol
"/job-search/restaurant-1432@54.5879479,-5.9581282/northern-ireland/crew-member/pdx-mc-6c0863e6-1d38-410f-b6f2-5378f77c7e1f-78394",1,1,0,0,Northern Ireland
"/job-search/restaurant-428@54.5991129,-5.9300597/northern-ireland/crew-member/pdx-mc-6c0863e6-1d38-410f-b6f2-5378f77c7e1f-78395",1,1,0,0,Northern Ireland
"/job-search/restaurant-740@54.5963178,-5.8917007/county-antrim/crew-member/pdx-mc-6c0863e6-1d38-410f-b6f2-5378f77c7e1f-78396",1,1,0,0,County Antrim
"/job-search/restaurant-1674@54.6090608,-5.968657/northern-ireland/crew-member/pdx-mc-6c0863e6-1d38-410f-b6f2-5378f77c7e1f-78424",1,1,0,0,Northern Ireland
"/job-search/restaurant-1432@54.5879479,-5.9581282/northern-ireland/customer-care/pdx-mc-dc273f2e-74a1-446a-84e1-3421698b5f39-78394",1,1,0,0,Northern Ireland
"/job-search/restaurant-428@54.5991129,-5.9300597/northern-ireland/customer-care/pdx-mc-dc273f2e-74a1-446a-84e1-3421698b5f39-78395",1,1,0,0,Northern Ireland
"/job-search/restaurant-740@54.5963178,-5.8917007/county-antrim/customer-care/pdx-mc-dc273f2e-74a1-446a-84e1-3421698b5f39-78396",1,1,0,0,County Antrim
"/job-search/restaurant-428@54.5991129,-5.9300597/northern-ireland/crew-member/pdx-mc-3d9325dd-451f-4974-9845-6ecf492dae9c-78395",1,0,1,0,Northern Ireland
"/job-search/restaurant-1132@53.209669,-4.1502631/gwynedd/crew-member/pdx-mc-b88f6ef7-d5ee-4abc-8fc1-e5f7db9f775d-78398",1,1,0,0,Gwynedd
"/job-search/restaurant-1619@53.3195943,-3.8177145/conwy/crew-member/pdx-mc-b88f6ef7-d5ee-4abc-8fc1-e5f7db9f775d-78402",1,1,0,0,Conwy
"/job-search/restaurant-1367@52.5038739,-1.8549142/west-midlands/maintenance-person/pdx-mc-8c086860-82ea-41a9-9267-9f12fde3c9de-78422",1,1,0,0,West Midlands
"/job-search/restaurant-1435@52.5071619,-1.8250785/west-midlands/overnight-crew-member/pdx-mc-c199954d-0175-4863-9924-44c8284fc335-78423",1,1,0,0,West Midlands
"/job-search/restaurant-1385@51.4017841,0.113169/kent/crew-member/pdx-mc-4cf02ef7-6eab-4764-9be1-92dff72cf299-78418",1,0,1,0,Kent
"/job-search/restaurant-934@51.2981896,0.192539/kent/crew-member/pdx-mc-4cf02ef7-6eab-4764-9be1-92dff72cf299-78420",1,1,0,0,Kent
"/job-search/restaurant-791@51.375464,0.0448371/kent/customer-care/pdx-mc-81fc1d23-4ad1-40dc-a06d-f20cf9005e12-78419",1,1,0,0,Kent
"/job-search/restaurant-7079@53.3809031,-6.5826552/kildare/crew-member-maynooth/pdx-mc-0db46bd8-d1e4-465d-8e27-c7b0176234aa-78808",1,1,0,0,Kildare
"/job-search/restaurant-7036@53.3918686,-6.3910117/dublin/crew-member/pdx-mc-a2f5bdb2-4418-4a7f-9913-7fe4c7371cc8-109302",1,1,0,0,Dublin
"/job-search/restaurant-7003@53.2912283,-6.1338717/dublin/crew-member/pdx-mc-dd56a3dc-886d-4a5b-99aa-93cb9d739644-78702",1,1,0,0,Dublin
"/job-search/restaurant-7029@53.2005363,-6.1112185/wicklow/crew-member/pdx-mc-dd56a3dc-886d-4a5b-99aa-93cb9d739644-78754",1,1,0,0,Wicklow
"/job-search/restaurant-7029@53.2005363,-6.1112185/wicklow/customer-experience-leader/pdx-mc-cbf10173-6376-4652-bd70-13332e82474a-78754",1,1,0,0,Wicklow
"/job-search/restaurant-7049@53.1766437,-6.802379/newbridge/crew-member/pdx-mc-a1ff49b5-e5f8-41f4-9621-121174afb499-78755",1,1,0,0,Newbridge
"/job-search/restaurant-7043@52.9463937,-7.7979071/tipperary/crew-member/pdx-mc-a1ff49b5-e5f8-41f4-9621-121174afb499-80291",1,1,0,0,Tipperary
"/job-search/restaurant-7050@53.3487589,-6.2663014/dublin/maintenance-person/pdx-mc-464f4308-60d7-4743-b214-5eeaf85985a1-78706",1,1,0,0,Dublin
"/job-search/restaurant-7050@53.3487589,-6.2663014/dublin/overnight-crew-member/pdx-mc-08e7a8e8-9441-4e20-b8fb-3803767c2f83-78706",1,1,0,0,Dublin
"/job-search/restaurant-7011@51.8781025,-8.4335136/cork/crew-member/pdx-mc-9ae82d4d-de9e-4daa-8814-71b6909c3f69-78708",1,1,0,0,Cork
"/job-search/restaurant-7093@51.872682,-8.4721374/cork/crew-member/pdx-mc-9ae82d4d-de9e-4daa-8814-71b6909c3f69-78709",1,1,0,0,Cork
"/job-search/restaurant-7038@52.3534987,-7.7020062/tipperary/crew-member/pdx-mc-9ae82d4d-de9e-4daa-8814-71b6909c3f69-78757",1,1,0,0,Tipperary
"/job-search/restaurant-7082@52.5521466,-7.8573536/tipperary/crew-member/pdx-mc-e0603588-c623-45ce-9ad0-0c9cfb0892b7-78875",1,1,0,0,Tipperary
"/job-search/restaurant-7089@52.6551837,-7.2341082/kilkenny/crew-member/pdx-mc-e0603588-c623-45ce-9ad0-0c9cfb0892b7-78878",1,1,0,0,Kilkenny
"/job-search/restaurant-7071@51.8861994,-8.3970235/cork/crew-member/pdx-mc-e0603588-c623-45ce-9ad0-0c9cfb0892b7-80122",1,1,0,0,Cork
"/job-search/restaurant-7082@52.5521466,-7.8573536/tipperary/customer-care/pdx-mc-dae4f893-8495-4950-9f69-f319b0392788-78875",1,1,0,0,Tipperary
"/job-search/restaurant-7082@52.5521466,-7.8573536/tipperary/overnight-crew-member/pdx-mc-5f4844b2-dcf3-4bfa-b823-59f2b37361f0-78875",1,1,0,0,Tipperary
"/job-search/restaurant-7077@54.2508099,-8.4713459/sligo/overnight-crew-member/pdx-mc-5e176042-bd1b-443a-a563-8ab6333e1bd3-78879",1,1,0,0,Sligo
"/job-search/restaurant-7077@54.2508099,-8.4713459/sligo/crew-member/pdx-mc-c9689847-fa9d-4198-be0a-ecba7a7e87d3-78879",1,1,0,0,Sligo
"/job-search/restaurant-7086@53.3187073,-6.3015803/dublin/crew-member/pdx-mc-cd77a712-383d-4fab-887b-fd86ff9520d2-78720",1,1,0,0,Dublin
"/job-search/restaurant-7042@53.3530616,-6.2916754/dublin/crew-member/pdx-mc-cd77a712-383d-4fab-887b-fd86ff9520d2-78725",1,1,0,0,Dublin
"/job-search/restaurant-7044@53.3527637,-6.3916075/dublin/crew-member/pdx-mc-cd77a712-383d-4fab-887b-fd86ff9520d2-81460",1,1,0,0,Dublin
"/job-search/restaurant-7083@53.3487741,-6.392764/dublin/crew-member/pdx-mc-cd77a712-383d-4fab-887b-fd86ff9520d2-81461",1,1,0,0,Dublin
"/job-search/restaurant-7104@53.3551831,-6.229539/dublin/crew-member/pdx-mc-e99addf0-c62a-4f1c-83e3-1c2f1485ece3-78728",1,1,0,0,Dublin
"/job-search/restaurant-7115@52.823897,-6.139485/wexford/crew-member/pdx-mc-e99addf0-c62a-4f1c-83e3-1c2f1485ece3-78730",1,1,0,0,Wexford
"/job-search/restaurant-7001@53.3426179,-6.2594057/dublin/crew-member/pdx-mc-e99addf0-c62a-4f1c-83e3-1c2f1485ece3-78731",1,1,0,0,Dublin
"/job-search/restaurant-7017@53.350226,-6.2605509/dublin/crew-member/pdx-mc-e99addf0-c62a-4f1c-83e3-1c2f1485ece3-78735",1,1,0,0,Dublin
"/job-search/restaurant-7001@53.3426179,-6.2594057/dublin/overnight-crew-member/pdx-mc-762e61a9-b068-4b29-a1d2-e483166ddaa6-78731",1,1,0,0,Dublin
"/job-search/restaurant-7104@53.3551831,-6.229539/dublin/crew-member/pdx-mc-c8f93624-cdde-449a-9469-fc1001cacd46-78728",1,1,0,0,Dublin
"/job-search/restaurant-7051@53.4159628,-7.9007873/westmeath/crew-member/pdx-mc-655b59ac-e5ee-4f34-a89a-8dc9317f07e0-78765",1,1,0,0,Westmeath
"/job-search/restaurant-7064@53.742538,-7.8025023/an-longfort/crew-member/pdx-mc-655b59ac-e5ee-4f34-a89a-8dc9317f07e0-78880",1,1,0,0,An Longfort
"/job-search/restaurant-7032@53.6524788,-6.6864883/meath/crew-member-navan-25-35-hours/pdx-mc-a97057ea-728e-45e8-a73a-29f208884be8-78769",1,1,0,0,Meath
"/job-search/restaurant-7024@53.7128992,-6.353732/louth/full-time-crew-member-drogheda-30-40-hours/pdx-mc-46e8a52e-fc05-4d15-ae83-baaac08ee819-78737",1,1,0,0,Louth
"/job-search/restaurant-7143@53.9455121,-8.0790706/carrick-on-shannon/crew-member-carrick-on-shannon/pdx-mc-bae939f2-4935-4352-b151-ed588c6f3b7d-83227",1,1,0,0,Carrick-on-shannon
"/job-search/restaurant-7065@52.6653545,-8.5535989/limerick/crew-member/pdx-mc-064fab3f-1490-4d83-aa91-3c3a725efa30-82241",1,1,0,0,Limerick
"/job-search/restaurant-7021@53.2803418,-9.0509404/galway/crew-member/pdx-mc-064fab3f-1490-4d83-aa91-3c3a725efa30-82244",1,1,0,0,Galway
"/job-search/restaurant-7066@53.2756529,-9.0766737/galway/crew-member/pdx-mc-064fab3f-1490-4d83-aa91-3c3a725efa30-82248",1,1,0,0,Galway
"/job-search/restaurant-7090@53.2511189,-6.1846563/dublin/crew-member/pdx-mc-8c6dd139-b709-40ab-ac8a-eefec92ec3cb-109740",1,1,0,0,Dublin
"/job-search/restaurant-7073@53.2866098,-6.2411736/dublin/crew-member/pdx-mc-8c6dd139-b709-40ab-ac8a-eefec92ec3cb-109741",1,1,0,0,Dublin
"/job-search/restaurant-7008@53.2885173,-6.2004241/dublin/crew-member/pdx-mc-8c6dd139-b709-40ab-ac8a-eefec92ec3cb-109743",1,1,0,0,Dublin
"/job-search/restaurant-7088@53.3443176,-6.2633517/dublin/crew-member/pdx-mc-8c6dd139-b709-40ab-ac8a-eefec92ec3cb-109744",1,1,0,0,Dublin
"/job-search/restaurant-7063@53.3959325,-6.1901293/dublin/crew-member/pdx-mc-8c6dd139-b709-40ab-ac8a-eefec92ec3cb-109742",1,1,0,0,Dublin
"/job-search/restaurant-956@53.169114,-2.972578/cheshire/crew-member-various-shifts-between-5am-3am-daily-broughton/pdx-mc-b3de51cc-8918-4b2b-a57a-f67d9f255222-107772",1,1,0,0,Cheshire
"/job-search/restaurant-956@53.169114,-2.972578/cheshire/overnight-crew-member-broughton-1376-premium-hourly-rate-available/pdx-mc-6a1c2b38-8050-4291-9eef-a7fb63502a56-107772",1,1,0,0,Cheshire
"/job-search/restaurant-956@53.169114,-2.972578/cheshire/crew-member-part-time-flexible-shifts-broughton/pdx-mc-8540d857-8a06-451d-83ec-0ee1ea9ced89-107772",1,0,1,0,Cheshire
"/job-search/restaurant-1285@53.9999763,-1.4431707/north-yorkshire/crew-member/pdx-mc-29764add-e637-402c-9651-b706729de01f-80528",1,1,0,0,North Yorkshire
"/job-search/restaurant-523@53.9062348,-1.1865132/east-yorkshire/crew-member/pdx-mc-29764add-e637-402c-9651-b706729de01f-105547",1,0,1,0,East Yorkshire
"/job-search/restaurant-503@53.9909567,-1.109096/east-yorkshire/crew-member/pdx-mc-29764add-e637-402c-9651-b706729de01f-118924",1,1,0,0,East Yorkshire
"/job-search/restaurant-1196@54.1210496,-1.5261468/north-yorkshire/crew-member/pdx-mc-29764add-e637-402c-9651-b706729de01f-118925",1,0,1,0,North Yorkshire
"/job-search/restaurant-1196@54.1210496,-1.5261468/north-yorkshire/overnight-crew-member/pdx-mc-6c5eee8c-eb50-40ff-b936-09ef6c12a5ad-118925",1,1,0,0,North Yorkshire
"/job-search/restaurant-1285@53.9999763,-1.4431707/north-yorkshire/crew-member/pdx-mc-3c5eaf02-5796-430e-acf3-2392e34c4e74-80528",1,1,0,0,North Yorkshire
"/job-search/restaurant-1196@54.1210496,-1.5261468/north-yorkshire/crew-member/pdx-mc-3c5eaf02-5796-430e-acf3-2392e34c4e74-118925",1,0,1,0,North Yorkshire
"/job-search/restaurant-1285@53.9999763,-1.4431707/north-yorkshire/customer-care/pdx-mc-5b42fc10-3fb5-477b-997a-0bd41ff6b4fb-80528",1,1,0,0,North Yorkshire
"/job-search/restaurant-1285@53.9999763,-1.4431707/north-yorkshire/overnight-crew-member/pdx-mc-1c0c7b5e-2742-476c-8b72-ea17cba235b3-80528",1,1,0,0,North Yorkshire
"/job-search/restaurant-816@54.1506031,-4.4959305/douglas/crew-member/pdx-mc-88976b30-6acc-4a03-9f24-b1428e8fa252-80784",1,1,0,0,Douglas
"/job-search/restaurant-209@52.6838658,-1.8268541/staffordshire/crew-member/pdx-mc-9e3f679d-b4a0-4e05-be52-7bc3c8492b7d-80797",1,1,0,0,Staffordshire
"/job-search/restaurant-209@52.6838658,-1.8268541/staffordshire/customer-care/pdx-mc-cc1cc06a-9475-459c-b691-72b2b3d68807-80797",1,1,0,0,Staffordshire
"/job-search/restaurant-1121@55.9064031,-4.3980016/west-dumbartonshire/crew-member/pdx-mc-3c384fc5-7b22-4fc3-8a28-cfa06094aa3c-80804",1,1,0,0,West Dumbartonshire
"/job-search/restaurant-294@55.9044622,-4.4029313/west-dumbartonshire/crew-member-new-restaurant-opening/pdx-mc-60f6179f-889e-4e1a-a7aa-0d40716e8d5b-80802",1,1,0,0,West Dumbartonshire
"/job-search/restaurant-594@52.579214,-0.2510612/cambridgeshire/work-experience/pdx-mc-eea117ad-2953-4acc-aee9-eec6b2035d97-110150",1,0,0,1,Cambridgeshire
"/job-search/restaurant-1191@52.6379279,-0.2976759/cambridgeshire/work-experience/pdx-mc-eea117ad-2953-4acc-aee9-eec6b2035d97-120743",1,0,0,1,Cambridgeshire
"/job-search/restaurant-1653@54.9725588,-2.0989977/northumberland/hexham-bunker-site-mcdonalds-staff-member-part-time-5am-starts/pdx-mc-0f9978e4-9083-481a-abe1-7d0792a63d4f-98012",1,0,1,0,Northumberland
"/job-search/restaurant-1623@54.9685516,-1.837287/northumberland/crew-member/pdx-mc-4e27808d-26cc-44f6-ba0b-053c5ed0a9ac-123721",1,0,1,0,Northumberland
"/job-search/restaurant-1065@55.0803005,-3.6290926/dumfriesshire/crew-member/pdx-mc-4e27808d-26cc-44f6-ba0b-053c5ed0a9ac-123774",1,0,1,0,Dumfriesshire
"/job-search/restaurant-1065@55.0803005,-3.6290926/dumfriesshire/customer-care/pdx-mc-de45f064-ad21-4608-8eae-ec808760b10b-123774",1,1,0,0,Dumfriesshire
"/job-search/restaurant-1065@55.0803005,-3.6290926/dumfriesshire/customer-experience-leader/pdx-mc-15e10603-1336-4c81-8d94-7ed5fa46c808-123774",1,1,0,0,Dumfriesshire
"/job-search/restaurant-1065@55.0803005,-3.6290926/dumfriesshire/overnight-crew-member/pdx-mc-5f086e53-8d2c-4ca4-820b-6f7e745616cb-123774",1,0,1,0,Dumfriesshire
"/job-search/restaurant-1065@55.0803005,-3.6290926/dumfriesshire/crew-member/pdx-mc-7e712cfc-13ae-4217-9c05-353742251272-123774",1,1,0,0,Dumfriesshire
"/job-search/restaurant-1065@55.0803005,-3.6290926/dumfriesshire/customer-care/pdx-mc-6666d777-7475-46db-9d79-0cc9c18a6224-123774",1,0,1,0,Dumfriesshire
"/job-search/restaurant-1653@54.9725588,-2.0989977/northumberland/work-experience/pdx-mc-6c72c532-c10c-446a-bc40-15e0e2c22621-98012",1,0,0,1,Northumberland
"/job-search/restaurant-1223@53.7780712,-1.5685655/west-yorkshire/shift-leader/pdx-mc-1c17189c-6e16-4cf2-bf98-6216d5bb3609-81190",1,1,0,0,West Yorkshire
"/job-search/restaurant-1500@52.4101748,0.2511189/cambridgeshire/customer-care/pdx-mc-d511e7df-e6fa-4eb8-b028-dd21487d55c4-81194",1,0,1,0,Cambridgeshire
"/job-search/restaurant-1111@52.2127732,0.1634927/cambridgeshire/maintenance-person/pdx-mc-3802e1c9-ebd4-4200-813d-c2a33e108e42-105945",1,1,0,0,Cambridgeshire
"/job-search/restaurant-1500@52.4101748,0.2511189/cambridgeshire/overnight-crew-member/pdx-mc-47a769d9-fa90-4300-8f01-d64a687367fa-81194",1,0,1,0,Cambridgeshire
"/job-search/restaurant-1747@50.6007832,-1.2800574/isle-of-wight/crew-member/pdx-mc-441e00a8-2657-4800-8a53-352332559f76-123293",1,0,1,0,Isle Of Wight
"/job-search/restaurant-1747@50.6007832,-1.2800574/isle-of-wight/customer-care/pdx-mc-10808969-30d7-4636-83f8-a73ca4639528-123293",1,0,1,0,Isle Of Wight
"/job-search/restaurant-1747@50.6007832,-1.2800574/isle-of-wight/overnight-crew-member/pdx-mc-fac8e48f-85c4-43d3-893a-f117377f8ebc-123293",1,1,0,0,Isle Of Wight
"/job-search/restaurant-1045@50.7114311,-1.1458924/isle-of-wight/work-experience/pdx-mc-acf0a496-72b7-47df-9b1f-f081ba9023e7-81367",1,0,0,1,Isle Of Wight
"/job-search/restaurant-663@57.1876312,-2.0996739/aberdeenshire/crew-member/pdx-mc-7ab49982-1f9b-4730-a39c-6eabed4f8a88-106392",1,0,1,0,Aberdeenshire
"/job-search/restaurant-618@57.1777557,-2.1786751/aberdeenshire/customer-care/pdx-mc-6883df37-14c3-4da8-83ef-5312b924e531-116082",1,0,1,0,Aberdeenshire
"/job-search/restaurant-398@57.1462857,-2.0991683/aberdeenshire/work-experience/pdx-mc-e1524d95-041a-40c8-a35b-e858e0f55f1b-118206",1,0,0,1,Aberdeenshire
"/job-search/restaurant-425@55.7648307,-4.2102471/south-lanarkshire/maintenance-person/pdx-mc-c26fedf8-54ce-4142-8224-51069d35eba5-97752",1,1,0,0,South Lanarkshire
"/job-search/restaurant-1287@55.6468003,-4.7369675/north-ayrshire/customer-care/pdx-mc-46a046ef-b232-44ca-8c7a-0dbd73b45b64-119017",1,1,0,0,North Ayrshire
"/job-search/restaurant-536@55.4677208,-4.6125453/south-ayrshire/overnight-crew-member/pdx-mc-d09a00f3-914c-40ab-b36b-6b53f14deae2-119015",1,1,0,0,South Ayrshire
"/job-search/restaurant-1290@55.8066096,-4.2335313/glasgow/crew-member/pdx-mc-1308dafc-0ef5-4961-a56f-183ce0cca196-119016",1,1,0,0,Glasgow
"/job-search/restaurant-1677@51.1624288,-2.9875/taunton/overnight-crew-member/pdx-mc-db39fac3-d24f-4926-b98d-3b422008799f-120884",1,1,0,0,Taunton
"/job-search/restaurant-890@52.1919454,-2.2301199/worcestershire/crew-member/pdx-mc-f5bbccaa-767f-4d5a-9f5f-4d125509b5fb-105544",1,1,0,0,Worcestershire
"/job-search/restaurant-223@51.563033,-0.2591785/london/crew-member/pdx-mc-68ef3066-0d28-4427-8954-9906776aabe4-105946",1,1,0,0,London
"/job-search/restaurant-1585@57.6916054,-2.0261238/aberdeenshire/crew-member/pdx-mc-1c9baa0b-ce44-416a-990b-3582cd459b0b-105947",1,1,0,0,Aberdeenshire
"/job-search/restaurant-990@57.4872233,-1.8060553/aberdeenshire/crew-member/pdx-mc-1c9baa0b-ce44-416a-990b-3582cd459b0b-105948",1,1,0,0,Aberdeenshire
"/job-search/restaurant-1585@57.6916054,-2.0261238/aberdeenshire/crew-member/pdx-mc-0a08d92e-977f-437a-8e28-bd2b41748119-105947",1,0,1,0,Aberdeenshire
"/job-search/restaurant-990@57.4872233,-1.8060553/aberdeenshire/crew-member/pdx-mc-0a08d92e-977f-437a-8e28-bd2b41748119-105948",1,1,0,0,Aberdeenshire
"/job-search/restaurant-1462@53.4999875,-2.2354178/lancashire/shift-leader/pdx-mc-63a49e89-ed5f-4c3d-a9dd-6a0f21d2c9d9-106020",1,1,0,0,Lancashire
"/job-search/restaurant-1070@51.2774606,1.0819972/kent/customer-care/pdx-mc-da529913-6bc9-40df-b96f-98c723a7b1b3-106091",1,1,0,0,Kent
"/job-search/restaurant-864@51.776322,-3.2069675/gwent/crew-member/pdx-mc-7bf17455-68f8-4504-99a3-53a4f136d37c-106251",1,1,0,0,Gwent
"/job-search/restaurant-1497@51.8140853,-3.0247044/monmouthshire/crew-member/pdx-mc-7bf17455-68f8-4504-99a3-53a4f136d37c-123492",1,1,0,0,Monmouthshire
"/job-search/restaurant-864@51.776322,-3.2069675/gwent/customer-care/pdx-mc-f04db146-bbac-461b-bddb-356c55723d8e-106251",1,1,0,0,Gwent
"/job-search/restaurant-1497@51.8140853,-3.0247044/monmouthshire/customer-care/pdx-mc-f04db146-bbac-461b-bddb-356c55723d8e-123492",1,1,0,0,Monmouthshire
"/job-search/restaurant-1393@51.3044996,-0.40576/surrey/overnight-crew-member/pdx-mc-6ca7435f-ad43-4089-b188-cb0c0b6164b4-111537",1,1,0,0,Surrey
"/job-search/restaurant-1589@51.2360987,-0.5768155/surrey/work-experience/pdx-mc-68dd8fe6-34ac-43aa-b85d-7d96cbc4424e-107826",1,0,0,1,Surrey
"/job-search/restaurant-692@51.237062,-0.5763533/surrey/work-experience/pdx-mc-68dd8fe6-34ac-43aa-b85d-7d96cbc4424e-111538",1,0,0,1,Surrey
"/job-search/restaurant-7026@52.2647598,-9.6780914/kerry/crew-member/pdx-mc-40d1e7f9-d364-43cd-9554-95675223aae3-109333",1,1,0,0,Kerry
"/job-search/restaurant-7031@52.0603518,-9.4933795/kerry/crew-member/pdx-mc-40d1e7f9-d364-43cd-9554-95675223aae3-109332",1,1,0,0,Kerry
"/job-search/restaurant-7056@53.3533351,-6.4527716/dublin/customer-experience-leader/pdx-mc-66bc1eb6-f975-4997-8c4b-79d981dc33c3-109539",1,1,0,0,Dublin
"/job-search/restaurant-768@51.3857221,-1.3178628/berkshire/crew-member/pdx-mc-04822076-6d25-4980-b78b-1059ff821983-121138",1,1,0,0,Berkshire
"/job-search/restaurant-953@51.3472932,-1.3400097/berkshire/customer-care/pdx-mc-1428b7ad-1b27-46e3-bda9-e1f3002b5aaa-121137",1,1,0,0,Berkshire
"/job-search/restaurant-768@51.3857221,-1.3178628/berkshire/customer-care/pdx-mc-1428b7ad-1b27-46e3-bda9-e1f3002b5aaa-121138",1,1,0,0,Berkshire
"/job-search/restaurant-768@51.3857221,-1.3178628/berkshire/overnight-crew-member/pdx-mc-7a68a554-96a9-45fd-a424-3c169374e915-121138",1,1,0,0,Berkshire
"/job-search/restaurant-159@51.404135,-1.3247272/berkshire/work-experience/pdx-mc-723e170d-d6a1-4d56-881d-ee75caa8f223-110143",1,0,0,1,Berkshire
"/job-search/restaurant-953@51.3472932,-1.3400097/berkshire/work-experience/pdx-mc-723e170d-d6a1-4d56-881d-ee75caa8f223-121137",1,0,0,1,Berkshire
"/job-search/restaurant-768@51.3857221,-1.3178628/berkshire/work-experience/pdx-mc-723e170d-d6a1-4d56-881d-ee75caa8f223-121138",1,0,0,1,Berkshire
"/job-search/restaurant-1197@53.655112,-2.628418/lancashire/overnight-crew-member/pdx-mc-ec6fc4ef-cbe6-48d0-a5a0-81e272491ce8-116278",1,1,0,0,Lancashire
"/job-search/restaurant-1170@50.2000706,-5.3909443/cornwall/customer-care/pdx-mc-ab8e697e-3447-43d3-9d20-6e8e6517266b-118350",1,1,0,0,Cornwall
"/job-search/restaurant-1170@50.2000706,-5.3909443/cornwall/overnight-crew-member/pdx-mc-20096efe-f92b-415f-aeb2-ecb5b488ca63-118350",1,1,0,0,Cornwall
"/job-search/restaurant-1170@50.2000706,-5.3909443/cornwall/work-experience/pdx-mc-187d0897-3efe-479b-8646-1fdfbd0b8c65-118350",1,0,0,1,Cornwall
"/job-search/restaurant-609@52.7646541,-0.8817226/leicestershire/customer-care/pdx-mc-1b82a22d-4c21-4737-b172-1a2821706f68-121775",1,1,0,0,Leicestershire
"/job-search/restaurant-1571@52.8061858,-0.6123524/grantham/overnight-crew-member/pdx-mc-9afa536c-2314-468f-9e38-544ec712a288-121152",1,1,0,0,Grantham
"/job-search/restaurant-609@52.7646541,-0.8817226/leicestershire/customer-experience-leader/pdx-mc-ca378833-1d5e-4453-89ec-da7185585b59-121775",1,1,0,0,Leicestershire
"/job-search/restaurant-1571@52.8061858,-0.6123524/grantham/crew-member/pdx-mc-960cea87-3430-41b7-82b3-542ab53c4e08-121152",1,1,0,0,Grantham
"/job-search/restaurant-1571@52.8061858,-0.6123524/grantham/customer-care/pdx-mc-63bbb5cb-ca7a-4700-8056-fed9021f38c8-121152",1,1,0,0,Grantham
"/job-search/restaurant-1571@52.8061858,-0.6123524/grantham/shift-leader/pdx-mc-1ea2085b-83a7-490b-ba38-8bcf25cc381f-121152",1,1,0,0,Grantham
"/job-search/restaurant-1503@51.6425478,-3.9314216/swansea/crew-member/pdx-mc-ec0ec420-44dd-4260-bd27-2b007a3983cc-123898",1,1,0,0,Swansea
"/job-search/restaurant-1503@51.6425478,-3.9314216/swansea/customer-experience-leader/pdx-mc-7960abce-ef63-4647-9f96-b45b19f37a2f-123898",1,0,1,0,Swansea
"/job-search/restaurant-1503@51.6425478,-3.9314216/swansea/people-manager/pdx-mc-cd99da61-92b8-4d1c-b88c-ac07aa497948-123898",1,1,0,0,Swansea
